current_id,current_name,current_type,current_price,current_stock,current_categories,action,new_category,new_subcategory,new_handle,new_url,new_sku_suggested,watermark_status,tags_use_case,tags_problem,reason,notes,YOU_FILL_watermark_licence_number,YOU_FILL_watermark_certifier,YOU_FILL_watermark_valid_until,YOU_FILL_gtin_or_ean,YOU_FILL_supplier_name,YOU_FILL_decision_override,YOU_FILL_extra_notes,qf_no_description,qf_thin_description,qf_no_attributes,qf_low_images,qf_no_sku,qf_no_gtin,existing_watermark_signal,existing_wels_signal,current_image_count,current_description_length,current_sale_price,old_url_pattern
11685,Commercial Rust-Free Filtered Cold Water Bubbler WM,simple,1299.95,,Bubblers & Coolers,KEEP,bubblers,commercial,commercial-rust-free-filtered-cold-water-bubbler-wm,/bubblers/commercial/commercial-rust-free-filtered-cold-water-bubbler-wm/,EA-BUB-COMM-03,not_required,use:commercial-and-cafe,,Bubbler / cooler,,,,,,,,,,,,,YES,YES,,,3,4193,,/product/commercial-rust-free-filtered-cold-water-bubbler-wm/
11670,Commercial Stainless Steel Filtered Cold Water Bubbler - Round WM,simple,849.95,,Bubblers & Coolers,KEEP,bubblers,commercial,commercial-stainless-steel-filtered-cold-water-bubbler-round-wm,/bubblers/commercial/commercial-stainless-steel-filtered-cold-water-bubbler-round-wm/,EA-BUB-COMM-02,not_required,use:commercial-and-cafe,,Bubbler / cooler,,,,,,,,,,,,,YES,YES,,,3,5282,,/product/commercial-stainless-steel-filtered-cold-water-bubbler-round-wm/
11666,Commercial Water Bubbler -  Filtered - Stainless Steel - WaterMark Certified - Square Design,simple,999.95,,Bubblers & Coolers,KEEP,bubblers,commercial,commercial-water-bubbler-filtered-stainless-steel-watermark-certified-square-des,/bubblers/commercial/commercial-water-bubbler-filtered-stainless-steel-watermark-certified-square-des/,EA-BUB-COMM,certified,use:commercial-and-cafe,,Bubbler / cooler,WaterMark certificate number REQUIRED if certified,,,,,,,,,,,,YES,YES,YES,,3,7795,,/product/commercial-water-bubbler-filtered-stainless-steel-watermark-certified-square-des/
13369,STAINLESS STEEL UNDER COUNTER DRINKING WATER CHILLER+ Stainless Steel Tap,simple,599.95,,Bubblers & Coolers,KEEP,bubblers,commercial,stainless-steel-under-counter-drinking-water-chiller-plus-stainless-steel-tap,/bubblers/commercial/stainless-steel-under-counter-drinking-water-chiller-plus-stainless-steel-tap/,EA-BUB-CHILL,not_required,use:commercial-and-cafe,,Bubbler / cooler,,,,,,,,,,,YES,,YES,YES,,,3,802,,/product/stainless-steel-under-counter-drinking-water-chiller-plus-stainless-steel-tap/
12530,Bubbler Filter CTO+PP,simple,149.95,,"Bubblers & Coolers, Filter Cartridges",KEEP,bubblers,parts,bubbler-filter-cto-plus-pp,/bubblers/parts/bubbler-filter-cto-plus-pp/,EA-BUB-REV,not_required,,,Bubbler / cooler,,,,,,,,,,YES,YES,YES,YES,YES,,,1,160,,/product/bubbler-filter-cto-plus-pp/
3961,Drinking Fountain Tap For Bubbler / Cooler Chrome Tap / Faucet,simple,49.95,,Fittings & Parts,KEEP,bubblers,parts,drinking-fountain-tap-for-bubbler-cooler-chrome-tap-faucet,/bubblers/parts/drinking-fountain-tap-for-bubbler-cooler-chrome-tap-faucet/,EA-BUB-COOL,not_required,,,Bubbler / cooler,,,,,,,,,,,YES,YES,YES,YES,,,1,368,,/product/drinking-fountain-tap-for-bubbler-cooler-chrome-tap-faucet/
13303,Bench top Room temperature Hot & cold-water cooler Direct connect,simple,349.95,,Bubblers & Coolers,KEEP,bubblers,residential,bench-top-room-temperature-hot-and-cold-water-cooler-direct-connect,/bubblers/residential/bench-top-room-temperature-hot-and-cold-water-cooler-direct-connect/,EA-BUB-COOL-04,not_required,,,Bubbler / cooler,,,,,,,,,,,YES,YES,YES,YES,,,1,724,,/product/bench-top-room-temperature-hot-and-cold-water-cooler-direct-connect/
11679,"Direct connect water cooler dispenser 3Stages FILTER, Hot Cold & Room temperature",simple,499.95,,Bubblers & Coolers,KEEP,bubblers,residential,direct-connect-water-cooler-dispenser-3stages-filter-hot-cold-and-room-temperatu,/bubblers/residential/direct-connect-water-cooler-dispenser-3stages-filter-hot-cold-and-room-temperatu/,EA-BUB-COOL-03,not_required,,,Bubbler / cooler,,,,,,,,,,,,YES,YES,YES,,,2,508,,/product/direct-connect-water-cooler-dispenser-3stages-filter-hot-cold-and-room-temperatu/
11663,Filtered Hot & Cold Water Cooler – Direct Connect,simple,499.95,,Bubblers & Coolers,KEEP,bubblers,residential,filtered-hot-and-cold-water-cooler-direct-connect,/bubblers/residential/filtered-hot-and-cold-water-cooler-direct-connect/,EA-BUB-COOL-02,not_required,,,Bubbler / cooler,,,,,,,,,YES,,,YES,YES,YES,,,1,0,,/product/filtered-hot-and-cold-water-cooler-direct-connect/
3653,6 Stage Reverse Osmosis Water Filters Set WITH 75GPD RO Membrane & Alkaline Cart,simple,114.95,12.0,Fittings & Parts,KEEP,cartridges,alkaline,6-stage-reverse-osmosis-water-filters-set-with-75gpd-ro-membrane-and-alkaline-ca,/cartridges/alkaline/6-stage-reverse-osmosis-water-filters-set-with-75gpd-ro-membrane-and-alkaline-ca/,EA-CART-ROM,not_required,use:home-drinking-water,problem:hard-water-and-scale,Cartridge (alkaline),,,,,,,,,,,YES,YES,YES,YES,,,2,1223,,/product/6-stage-reverse-osmosis-water-filters-set-with-75gpd-ro-membrane-and-alkaline-ca/
3502,"5 x Premium quality CTO Carbon Cartridges 10"" x 2.5""",simple,79.95,9.0,Fittings & Parts,KEEP,cartridges,carbon,5-x-premium-quality-cto-carbon-cartridges-10-x-2-5,/cartridges/carbon/5-x-premium-quality-cto-carbon-cartridges-10-x-2-5/,EA-CART-CTO-10X25,not_required,use:home-drinking-water,problem:chlorine-and-taste,Cartridge (carbon),,,,,,,,,,YES,YES,YES,YES,YES,,,2,130,,/product/5-x-premium-quality-cto-carbon-cartridges-10-x-2-5/
5124,"Coconut Activated Carbon Water Filter | CTO | 5 Micron | 10"" x 2.5""",simple,16.95,,Filter Cartridges,KEEP,cartridges,carbon,coconut-activated-carbon-water-filter-cto-5-micron-10-x-2-5,/cartridges/carbon/coconut-activated-carbon-water-filter-cto-5-micron-10-x-2-5/,EA-CART-CTO-10X25-02,not_required,use:home-drinking-water,problem:chlorine-and-taste,Cartridge (carbon),,,,,,,,,,,,YES,YES,YES,,,1,477,,/product/coconut-activated-carbon-water-filter-cto-5-micron-10-x-2-5/
12117,"Coconut Activated Carbon Water Filter | CTO | 5 Micron | 10"" x 4.5""",simple,29.95,,Filter Cartridges,KEEP,cartridges,carbon,coconut-activated-carbon-water-filter-cto-5-micron-10-x-4-5,/cartridges/carbon/coconut-activated-carbon-water-filter-cto-5-micron-10-x-4-5/,EA-CART-CTO-10X45,not_required,use:home-drinking-water,problem:chlorine-and-taste,Cartridge (carbon),,,,,,,,,,,,YES,YES,YES,,,1,477,,/product/coconut-activated-carbon-water-filter-cto-5-micron-10-x-4-5/
11633,"Coconut Activated Carbon Water Filter | CTO | 5 Micron | 20"" x 2.5""",simple,29.95,,Filter Cartridges,KEEP,cartridges,carbon,coconut-activated-carbon-water-filter-cto-5-micron-20-x-2-5,/cartridges/carbon/coconut-activated-carbon-water-filter-cto-5-micron-20-x-2-5/,EA-CART-CTO-20X25,not_required,use:home-drinking-water,problem:chlorine-and-taste,Cartridge (carbon),,,,,,,,,,,,YES,YES,YES,,,1,477,,/product/coconut-activated-carbon-water-filter-cto-5-micron-20-x-2-5/
11631,"Coconut Activated Carbon Water Filter | CTO | 5 Micron | 20"" x 4.5""",simple,59.95,,Filter Cartridges,KEEP,cartridges,carbon,coconut-activated-carbon-water-filter-cto-5-micron-20-x-4-5,/cartridges/carbon/coconut-activated-carbon-water-filter-cto-5-micron-20-x-4-5/,EA-CART-CTO-20X45,not_required,use:home-drinking-water,problem:chlorine-and-taste,Cartridge (carbon),,,,,,,,,,,,YES,YES,YES,,,1,477,,/product/coconut-activated-carbon-water-filter-cto-5-micron-20-x-4-5/
5128,"Granular Activated Carbon Water Filter | GAC | 5 Micron | 10"" x 2.5""",simple,19.95,,Filter Cartridges,KEEP,cartridges,carbon,granular-activated-carbon-water-filter-gac-5-micron-10-x-2-5,/cartridges/carbon/granular-activated-carbon-water-filter-gac-5-micron-10-x-2-5/,EA-CART-CTO-10X25-03,not_required,use:home-drinking-water,problem:chlorine-and-taste,Cartridge (carbon),,,,,,,,,,,,YES,YES,YES,,,1,574,,/product/granular-activated-carbon-water-filter-gac-5-micron-10-x-2-5/
11636,"Granular Activated Carbon Water Filter | GAC | 5 Micron | 20"" x 2.5""",simple,29.95,,Filter Cartridges,KEEP,cartridges,carbon,granular-activated-carbon-water-filter-gac-5-micron-20-x-2-5,/cartridges/carbon/granular-activated-carbon-water-filter-gac-5-micron-20-x-2-5/,EA-CART-CTO-20X25-02,not_required,use:home-drinking-water,problem:chlorine-and-taste,Cartridge (carbon),,,,,,,,,,,,YES,YES,YES,,,1,574,,/product/granular-activated-carbon-water-filter-gac-5-micron-20-x-2-5/
12150,"Granular Activated Carbon Water Filter | GAC | 5 Micron | 20"" x 4.5""",simple,39.95,,Filter Cartridges,KEEP,cartridges,carbon,granular-activated-carbon-water-filter-gac-5-micron-20-x-4-5,/cartridges/carbon/granular-activated-carbon-water-filter-gac-5-micron-20-x-4-5/,EA-CART-CTO-20X45-02,not_required,use:home-drinking-water,problem:chlorine-and-taste,Cartridge (carbon),,,,,,,,,,,,YES,YES,YES,,,1,574,,/product/granular-activated-carbon-water-filter-gac-5-micron-20-x-4-5/
4099,6 stages RO Cartridges Replacement set For 6 Stages RO Water Filter System 5mic,simple,145.95,,Fittings & Parts,KEEP,cartridges,cartridge-sets,6-stages-ro-cartridges-replacement-set-for-6-stages-ro-water-filter-system-5mic,/cartridges/cartridge-sets/6-stages-ro-cartridges-replacement-set-for-6-stages-ro-water-filter-system-5mic/,EA-CART-REV-04,not_required,use:home-drinking-water,"problem:chlorine-and-taste,problem:sediment-and-rust",Cartridge (cartridge-sets),,,,,,,,,,,YES,YES,YES,YES,,,1,1038,,/product/6-stages-ro-cartridges-replacement-set-for-6-stages-ro-water-filter-system-5mic/
12184,"Inline Water Filter Replacement Set | 3 Stages | Sediment, Carbon, RO Membrane | 10""",simple,139.95,,Filter Cartridges,KEEP,cartridges,cartridge-sets,inline-water-filter-replacement-set-3-stages-sediment-carbon-ro-membrane-10,/cartridges/cartridge-sets/inline-water-filter-replacement-set-3-stages-sediment-carbon-ro-membrane-10/,EA-CART-SED,not_required,use:home-drinking-water,"problem:sediment-and-rust,problem:chlorine-and-taste",Inline replacement cartridge set,,,,,,,,,,,,YES,YES,YES,,,1,470,,/product/inline-water-filter-replacement-set-3-stages-sediment-carbon-ro-membrane-10/
12350,"Water Filter Replacement Set | Premium | 6 Stages | 5 Micron | 10""",simple,149.95,,Filter Cartridges,KEEP,cartridges,cartridge-sets,water-filter-replacement-set-premium-6-stages-5-micron-10,/cartridges/cartridge-sets/water-filter-replacement-set-premium-6-stages-5-micron-10/,EA-CART-REV-06,not_required,use:home-drinking-water,"problem:chlorine-and-taste,problem:sediment-and-rust",Cartridge (cartridge-sets),,,,,,,,,,,,YES,YES,YES,,,1,1455,,/product/water-filter-replacement-set-premium-6-stages-5-micron-10/
12346,"Water Filter Replacement Set | Standard | 6 Stages | 5 Micron | 10""",simple,114.95,,Filter Cartridges,KEEP,cartridges,cartridge-sets,water-filter-replacement-set-standard-6-stages-5-micron-10,/cartridges/cartridge-sets/water-filter-replacement-set-standard-6-stages-5-micron-10/,EA-CART-REV-05,not_required,use:home-drinking-water,"problem:chlorine-and-taste,problem:sediment-and-rust",Cartridge (cartridge-sets),,,,,,,,,,,,YES,YES,YES,,,1,1439,,/product/water-filter-replacement-set-standard-6-stages-5-micron-10/
3670,"Reusable 100 micron Strainer Water Filter Washable Filter Sediment 10""x2.5""",simple,19.95,10.0,Fittings & Parts,KEEP,cartridges,pleated-washable,reusable-100-micron-strainer-water-filter-washable-filter-sediment-10x2-5,/cartridges/pleated-washable/reusable-100-micron-strainer-water-filter-washable-filter-sediment-10x2-5/,EA-CART-SED-10X25,not_required,,problem:sediment-and-rust,Reusable strainer cartridge,,,,,,,,,,,YES,YES,YES,YES,,,2,833,,/product/reusable-100-micron-strainer-water-filter-washable-filter-sediment-10x2-5/
5116,"Washable and Reusable Water Filter | Pleated | 5 Micron | 10"" x 4.5""",simple,24.95,,Filter Cartridges,KEEP,cartridges,pleated-washable,washable-and-reusable-water-filter-pleated-5-micron-10-x-4-5,/cartridges/pleated-washable/washable-and-reusable-water-filter-pleated-5-micron-10-x-4-5/,EA-CART-PLT-10X45,not_required,use:home-drinking-water,problem:sediment-and-rust,Cartridge (pleated-washable),,,,,,,,,,,,YES,YES,YES,,,1,314,,/product/washable-and-reusable-water-filter-pleated-5-micron-10-x-4-5/
11628,"Washable and Reusable Water Filter | Pleated | 5 Micron | 20"" x 4.5""",simple,34.95,,Filter Cartridges,KEEP,cartridges,pleated-washable,washable-and-reusable-water-filter-pleated-5-micron-20-x-4-5,/cartridges/pleated-washable/washable-and-reusable-water-filter-pleated-5-micron-20-x-4-5/,EA-CART-PLT-20X45,not_required,use:home-drinking-water,problem:sediment-and-rust,Cartridge (pleated-washable),,,,,,,,,,,,YES,YES,YES,,,1,314,,/product/washable-and-reusable-water-filter-pleated-5-micron-20-x-4-5/
3419,Inline UF Ultrafiltration Filter Cartridge,simple,24.95,10.0,Fittings & Parts,KEEP,cartridges,post-carbon-t33,inline-uf-ultrafiltration-filter-cartridge,/cartridges/post-carbon-t33/inline-uf-ultrafiltration-filter-cartridge/,EA-CART-REV,not_required,use:home-drinking-water,,Inline cartridge,Verify sub-category: T33 vs alkaline vs fluoride,,,,,,,,,YES,YES,,YES,YES,,,3,79,,/product/inline-uf-ultrafiltration-filter-cartridge/
12157,"Inline Water Filter | Alkaline | pH Neutralising | 10"" x 2""",simple,27.95,,Filter Cartridges,KEEP,cartridges,post-carbon-t33,inline-water-filter-alkaline-ph-neutralising-10-x-2,/cartridges/post-carbon-t33/inline-water-filter-alkaline-ph-neutralising-10-x-2/,EA-CART-ALK,not_required,use:home-drinking-water,problem:hard-water-and-scale,Inline cartridge,Verify sub-category: T33 vs alkaline vs fluoride,,,,,,,,,,,YES,YES,YES,,,1,394,,/product/inline-water-filter-alkaline-ph-neutralising-10-x-2/
12161,"Inline Water Filter | Fluoride Removal | 10"" x 2""",simple,24.95,,Filter Cartridges,KEEP,cartridges,post-carbon-t33,inline-water-filter-fluoride-removal-10-x-2,/cartridges/post-carbon-t33/inline-water-filter-fluoride-removal-10-x-2/,EA-CART-FLU,not_required,use:home-drinking-water,problem:fluoride-removal,Inline cartridge,Verify sub-category: T33 vs alkaline vs fluoride,,,,,,,,,,,YES,YES,YES,,,1,312,,/product/inline-water-filter-fluoride-removal-10-x-2/
5181,"Inline Water Filter | T33 Activated Post Carbon | 5 Micron | 10"" x 2""",simple,19.95,,Filter Cartridges,KEEP,cartridges,post-carbon-t33,inline-water-filter-t33-activated-post-carbon-5-micron-10-x-2,/cartridges/post-carbon-t33/inline-water-filter-t33-activated-post-carbon-5-micron-10-x-2/,EA-CART-CTO,not_required,use:home-drinking-water,problem:chlorine-and-taste,Inline cartridge,Verify sub-category: T33 vs alkaline vs fluoride,,,,,,,,,,,YES,YES,YES,,,1,458,,/product/inline-water-filter-t33-activated-post-carbon-5-micron-10-x-2/
3467,2 Pics 75GPD Reverse Osmosis Membrane Membrane Replacement Filter (280L per day),simple,74.95,10.0,Fittings & Parts,KEEP,cartridges,reverse-osmosis-membranes,2-pics-75gpd-reverse-osmosis-membrane-membrane-replacement-filter-280l-per-day,/cartridges/reverse-osmosis-membranes/2-pics-75gpd-reverse-osmosis-membrane-membrane-replacement-filter-280l-per-day/,EA-CART-REV-02,not_required,use:home-drinking-water,problem:fluoride-removal,RO membrane,,,,,,,,,,,YES,,YES,YES,,,4,981,,/product/2-pics-75gpd-reverse-osmosis-membrane-membrane-replacement-filter-280l-per-day/
3673,5 stage Reverse Osmosis RO Full Replacement set with 75 GPD membrane NSF,simple,64.95,8.0,Fittings & Parts,KEEP,cartridges,reverse-osmosis-membranes,5-stage-reverse-osmosis-ro-full-replacement-set-with-75-gpd-membrane-nsf,/cartridges/reverse-osmosis-membranes/5-stage-reverse-osmosis-ro-full-replacement-set-with-75-gpd-membrane-nsf/,EA-CART-REV-03,not_required,use:home-drinking-water,problem:fluoride-removal,Cartridge (reverse-osmosis-membranes),,,,,,,,,,,YES,YES,YES,YES,,,1,4773,,/product/5-stage-reverse-osmosis-ro-full-replacement-set-with-75-gpd-membrane-nsf/
12549,Reverse Osmosis RO Membrane 400 GPD. Approx 1500 Litres Per Day,simple,110.0,,Filter Cartridges,KEEP,cartridges,reverse-osmosis-membranes,reverse-osmosis-ro-membrane-400-gpd-approx-1500-litres-per-day,/cartridges/reverse-osmosis-membranes/reverse-osmosis-ro-membrane-400-gpd-approx-1500-litres-per-day/,EA-CART-SED-02,not_required,use:home-drinking-water,problem:fluoride-removal,Cartridge (reverse-osmosis-membranes),,,,,,,,,,,YES,,YES,YES,,,3,3314,109.95,/product/reverse-osmosis-ro-membrane-400-gpd-approx-1500-litres-per-day/
3649,"2X Poly Spun Water Filter Cartridge 5 Micron Sediment 20"" x 4.5"" Whole House",simple,79.95,8.0,Fittings & Parts,KEEP,cartridges,sediment,2x-poly-spun-water-filter-cartridge-5-micron-sediment-20-x-4-5-whole-house,/cartridges/sediment/2x-poly-spun-water-filter-cartridge-5-micron-sediment-20-x-4-5-whole-house/,EA-CART-SED-20X45,not_required,use:home-drinking-water,problem:sediment-and-rust,Cartridge (sediment),,,,,,,,,,YES,YES,,YES,YES,,,3,137,,/product/2x-poly-spun-water-filter-cartridge-5-micron-sediment-20-x-4-5-whole-house/
5121,"Polypropylene Sediment Water Filter | PP | 5 Micron | 10"" x 2.5""",simple,16.95,,Filter Cartridges,KEEP,cartridges,sediment,polypropylene-sediment-water-filter-pp-5-micron-10-x-2-5,/cartridges/sediment/polypropylene-sediment-water-filter-pp-5-micron-10-x-2-5/,EA-CART-SED-10X25-04,not_required,use:home-drinking-water,problem:sediment-and-rust,Cartridge (sediment),,,,,,,,,,,,YES,YES,YES,,,1,475,,/product/polypropylene-sediment-water-filter-pp-5-micron-10-x-2-5/
12147,"Polypropylene Sediment Water Filter | PP | 5 Micron | 10"" x 4.5""",simple,24.95,,Filter Cartridges,KEEP,cartridges,sediment,polypropylene-sediment-water-filter-pp-5-micron-10-x-4-5,/cartridges/sediment/polypropylene-sediment-water-filter-pp-5-micron-10-x-4-5/,EA-CART-SED-10X45,not_required,use:home-drinking-water,problem:sediment-and-rust,Cartridge (sediment),,,,,,,,,,,,YES,YES,YES,,,1,475,,/product/polypropylene-sediment-water-filter-pp-5-micron-10-x-4-5/
12114,"Polypropylene Sediment Water Filter | PP | 5 Micron | 20"" x 2.5""",simple,24.95,,Filter Cartridges,KEEP,cartridges,sediment,polypropylene-sediment-water-filter-pp-5-micron-20-x-2-5,/cartridges/sediment/polypropylene-sediment-water-filter-pp-5-micron-20-x-2-5/,EA-CART-SED-20X25,not_required,use:home-drinking-water,problem:sediment-and-rust,Cartridge (sediment),,,,,,,,,,,,YES,YES,YES,,,1,475,,/product/polypropylene-sediment-water-filter-pp-5-micron-20-x-2-5/
11626,"Polypropylene Sediment Water Filter | PP | 5 Micron | 20"" x 4.5""",simple,29.95,,Filter Cartridges,KEEP,cartridges,sediment,polypropylene-sediment-water-filter-pp-5-micron-20-x-4-5,/cartridges/sediment/polypropylene-sediment-water-filter-pp-5-micron-20-x-4-5/,EA-CART-SED-20X45-02,not_required,use:home-drinking-water,problem:sediment-and-rust,Cartridge (sediment),,,,,,,,,,,,YES,YES,YES,,,1,475,,/product/polypropylene-sediment-water-filter-pp-5-micron-20-x-4-5/
4046,Premium Pair of Water Filter Cartridges - Carbon & Sediment - 10'' x 2.5'' (5 Mic),simple,60.0,,Fittings & Parts,KEEP,cartridges,sediment,premium-pair-of-water-filter-cartridges-carbon-and-sediment-10-x-2-5-5-mic,/cartridges/sediment/premium-pair-of-water-filter-cartridges-carbon-and-sediment-10-x-2-5-5-mic/,EA-CART-SED-10X25-02,not_required,use:home-drinking-water,problem:sediment-and-rust,Cartridge (sediment),,,,,,,,,,,YES,YES,YES,YES,,,1,2787,,/product/premium-pair-of-water-filter-cartridges-carbon-and-sediment-10-x-2-5-5-mic/
11674,"Twin Pair Water Filter Cartridges | Carbon, Sediment | 5 Micron | 20"" x 4.5""",simple,89.95,,Filter Cartridges,KEEP,cartridges,sediment,twin-pair-water-filter-cartridges-carbon-sediment-5-micron-20-x-4-5,/cartridges/sediment/twin-pair-water-filter-cartridges-carbon-sediment-5-micron-20-x-4-5/,EA-CART-SED-20X45-03,not_required,use:home-drinking-water,problem:sediment-and-rust,Cartridge (sediment),,,,,,,,,,,,YES,YES,YES,,,1,2809,,/product/twin-pair-water-filter-cartridges-carbon-sediment-5-micron-20-x-4-5/
5110,"Twin Pair of Water Filter Cartridges - Carbon (CTO) + Sediment (PP) - 10"" x 2.5"" - 5 Micron",simple,29.95,,Filter Cartridges,KEEP,cartridges,sediment,twin-pair-of-water-filter-cartridges-carbon-cto-plus-sediment-pp-10-x-2-5-5-micr,/cartridges/sediment/twin-pair-of-water-filter-cartridges-carbon-cto-plus-sediment-pp-10-x-2-5-5-micr/,EA-CART-SED-10X25-03,not_required,use:home-drinking-water,problem:sediment-and-rust,Cartridge (sediment),,,,,,,,,,,YES,YES,YES,YES,,,1,665,,/product/twin-pair-of-water-filter-cartridges-carbon-cto-plus-sediment-pp-10-x-2-5-5-micr/
12179,Twin Pair of Water Filter Cartridges – Premium Carbon (CTO) + Sediment (PP) – 10″ x 2.5″ – 5 Micron,simple,49.95,,Filter Cartridges,KEEP,cartridges,sediment,twin-pair-of-water-filter-cartridges-premium-carbon-cto-plus-sediment-pp-10-x-2,/cartridges/sediment/twin-pair-of-water-filter-cartridges-premium-carbon-cto-plus-sediment-pp-10-x-2/,EA-CART-SED-10X25-05,not_required,use:home-drinking-water,problem:sediment-and-rust,Cartridge (sediment),,,,,,,,,,,,YES,YES,YES,,,1,2808,,/product/twin-pair-of-water-filter-cartridges-premium-carbon-cto-plus-sediment-pp-10-x-2/
12425,Complete Bathroom Package 1B | Matte Black | Watermark Certified | WELS Rated,simple,999.99,,Bundles,KEEP,plumbing,bundles,complete-bathroom-package-1b-matte-black-watermark-certified-wels-rated,/plumbing/bundles/complete-bathroom-package-1b-matte-black-watermark-certified-wels-rated/,EA-PLB-BUNDLE,certified,,,WaterMark-certified bathroom package,WaterMark certificate numbers REQUIRED for all components,,,,,,,,,,,YES,YES,YES,YES,YES,1,1909,,/product/complete-bathroom-package-1b-matte-black-watermark-certified-wels-rated/
12495,Complete Bathroom Package 1C | Polished Chrome | Watermark Certified | WELS Rated,simple,999.99,,Bundles,KEEP,plumbing,bundles,complete-bathroom-package-1c-polished-chrome-watermark-certified-wels-rated,/plumbing/bundles/complete-bathroom-package-1c-polished-chrome-watermark-certified-wels-rated/,EA-PLB-BUNDLE-12,certified,,,WaterMark-certified bathroom package,WaterMark certificate numbers REQUIRED for all components,,,,,,,,,,,YES,YES,YES,YES,YES,1,1913,,/product/complete-bathroom-package-1c-polished-chrome-watermark-certified-wels-rated/
12430,Complete Bathroom Package 1G | Brushed Gold | Watermark Certified | WELS Rated,simple,1199.99,,Bundles,KEEP,plumbing,bundles,complete-bathroom-package-1g-brushed-gold-watermark-certified-wels-rated,/plumbing/bundles/complete-bathroom-package-1g-brushed-gold-watermark-certified-wels-rated/,EA-PLB-BUNDLE-02,certified,,,WaterMark-certified bathroom package,WaterMark certificate numbers REQUIRED for all components,,,,,,,,,,,YES,YES,YES,YES,YES,1,1910,,/product/complete-bathroom-package-1g-brushed-gold-watermark-certified-wels-rated/
12441,Complete Bathroom Package 2B | Matte Black | Watermark Certified | WELS Rated,simple,1599.99,,Bundles,KEEP,plumbing,bundles,complete-bathroom-package-2b-matte-black-watermark-certified-wels-rated,/plumbing/bundles/complete-bathroom-package-2b-matte-black-watermark-certified-wels-rated/,EA-PLB-BUNDLE-04,certified,,,WaterMark-certified bathroom package,WaterMark certificate numbers REQUIRED for all components,,,,,,,,,,,YES,YES,YES,YES,YES,1,2082,,/product/complete-bathroom-package-2b-matte-black-watermark-certified-wels-rated/
12486,Complete Bathroom Package 2C | Polished Chrome | Watermark Certified | WELS Rated,simple,1599.99,,Bundles,KEEP,plumbing,bundles,complete-bathroom-package-2c-polished-chrome-watermark-certified-wels-rated,/plumbing/bundles/complete-bathroom-package-2c-polished-chrome-watermark-certified-wels-rated/,EA-PLB-BUNDLE-09,certified,,,WaterMark-certified bathroom package,WaterMark certificate numbers REQUIRED for all components,,,,,,,,,,,YES,YES,YES,YES,YES,1,2086,,/product/complete-bathroom-package-2c-polished-chrome-watermark-certified-wels-rated/
12438,Complete Bathroom Package 2G | Brushed Gold | Watermark Certified | WELS Rated,simple,1799.99,,Bundles,KEEP,plumbing,bundles,complete-bathroom-package-2g-brushed-gold-watermark-certified-wels-rated,/plumbing/bundles/complete-bathroom-package-2g-brushed-gold-watermark-certified-wels-rated/,EA-PLB-BUNDLE-03,certified,,,WaterMark-certified bathroom package,WaterMark certificate numbers REQUIRED for all components,,,,,,,,,,,YES,YES,YES,YES,YES,1,2083,,/product/complete-bathroom-package-2g-brushed-gold-watermark-certified-wels-rated/
12456,Complete Bathroom Package 3B | Matte Black | Watermark Certified | WELS Rated,simple,1699.99,,Bundles,KEEP,plumbing,bundles,complete-bathroom-package-3b-matte-black-watermark-certified-wels-rated,/plumbing/bundles/complete-bathroom-package-3b-matte-black-watermark-certified-wels-rated/,EA-PLB-BUNDLE-07,certified,,,WaterMark-certified bathroom package,WaterMark certificate numbers REQUIRED for all components,,,,,,,,,,,YES,YES,YES,YES,YES,1,2099,,/product/complete-bathroom-package-3b-matte-black-watermark-certified-wels-rated/
12492,Complete Bathroom Package 3C | Polished Chrome | Watermark Certified | WELS Rated,simple,1699.99,,Bundles,KEEP,plumbing,bundles,complete-bathroom-package-3c-polished-chrome-watermark-certified-wels-rated,/plumbing/bundles/complete-bathroom-package-3c-polished-chrome-watermark-certified-wels-rated/,EA-PLB-BUNDLE-11,certified,,,WaterMark-certified bathroom package,WaterMark certificate numbers REQUIRED for all components,,,,,,,,,,,YES,YES,YES,YES,YES,1,2103,,/product/complete-bathroom-package-3c-polished-chrome-watermark-certified-wels-rated/
12460,Complete Bathroom Package 3G | Brushed Gold | Watermark Certified | WELS Rated,simple,1899.99,,Bundles,KEEP,plumbing,bundles,complete-bathroom-package-3g-brushed-gold-watermark-certified-wels-rated,/plumbing/bundles/complete-bathroom-package-3g-brushed-gold-watermark-certified-wels-rated/,EA-PLB-BUNDLE-08,certified,,,WaterMark-certified bathroom package,WaterMark certificate numbers REQUIRED for all components,,,,,,,,,,,YES,YES,YES,YES,YES,1,2100,,/product/complete-bathroom-package-3g-brushed-gold-watermark-certified-wels-rated/
12448,Complete Bathroom Package 4B | Matte Black | Watermark Certified | WELS Rated,simple,2099.99,,Bundles,KEEP,plumbing,bundles,complete-bathroom-package-4b-matte-black-watermark-certified-wels-rated,/plumbing/bundles/complete-bathroom-package-4b-matte-black-watermark-certified-wels-rated/,EA-PLB-BUNDLE-05,certified,,,WaterMark-certified bathroom package,WaterMark certificate numbers REQUIRED for all components,,,,,,,,,,,YES,YES,YES,YES,YES,1,2100,,/product/complete-bathroom-package-4b-matte-black-watermark-certified-wels-rated/
12489,Complete Bathroom Package 4C | Polished Chrome | Watermark Certified | WELS Rated,simple,2099.99,,Bundles,KEEP,plumbing,bundles,complete-bathroom-package-4c-polished-chrome-watermark-certified-wels-rated,/plumbing/bundles/complete-bathroom-package-4c-polished-chrome-watermark-certified-wels-rated/,EA-PLB-BUNDLE-10,certified,,,WaterMark-certified bathroom package,WaterMark certificate numbers REQUIRED for all components,,,,,,,,,,,YES,YES,YES,YES,YES,1,2104,,/product/complete-bathroom-package-4c-polished-chrome-watermark-certified-wels-rated/
12451,Complete Bathroom Package 4G | Brushed Gold | Watermark Certified | WELS Rated,simple,2299.99,,Bundles,KEEP,plumbing,bundles,complete-bathroom-package-4g-brushed-gold-watermark-certified-wels-rated,/plumbing/bundles/complete-bathroom-package-4g-brushed-gold-watermark-certified-wels-rated/,EA-PLB-BUNDLE-06,certified,,,WaterMark-certified bathroom package,WaterMark certificate numbers REQUIRED for all components,,,,,,,,,,,YES,YES,YES,YES,YES,1,2101,,/product/complete-bathroom-package-4g-brushed-gold-watermark-certified-wels-rated/
12229,12cm Bathroom Mixer Tap in Polished Chrome,simple,59.95,,Bathroom Taps,KEEP,plumbing,kitchen-taps,12cm-bathroom-mixer-tap-in-polished-chrome,/plumbing/kitchen-taps/12cm-bathroom-mixer-tap-in-polished-chrome/,EA-PLB-BTH-03,certified,use:home-drinking-water,,RO filter tap,WaterMark certificate number REQUIRED if certified,,,,,,,,,,,YES,YES,YES,YES,YES,1,1225,,/product/12cm-bathroom-mixer-tap-in-polished-chrome/
12233,12cm Bathroom Mixer Tap in Polished Chrome - Extended Sprout,simple,64.95,,Bathroom Taps,KEEP,plumbing,kitchen-taps,12cm-bathroom-mixer-tap-in-polished-chrome-extended-sprout,/plumbing/kitchen-taps/12cm-bathroom-mixer-tap-in-polished-chrome-extended-sprout/,EA-PLB-BTH-04,certified,use:home-drinking-water,,RO filter tap,WaterMark certificate number REQUIRED if certified,,,,,,,,,,,YES,YES,YES,YES,YES,1,1478,,/product/12cm-bathroom-mixer-tap-in-polished-chrome-extended-sprout/
12224,16cm Bathroom Mixer Tap in Polished Chrome,simple,139.95,,Bathroom Taps,KEEP,plumbing,kitchen-taps,16cm-bathroom-mixer-tap-in-polished-chrome,/plumbing/kitchen-taps/16cm-bathroom-mixer-tap-in-polished-chrome/,EA-PLB-BTH-02,certified,use:home-drinking-water,,RO filter tap,WaterMark certificate number REQUIRED if certified,,,,,,,,,,,YES,YES,YES,YES,YES,1,1178,,/product/16cm-bathroom-mixer-tap-in-polished-chrome/
12417,"3 Way Filtered Kitchen Tap for RO Water Filters - Mixer in Black, Nickel, Gold, and Chrome",variable,,,Kitchen Taps,KEEP,plumbing,kitchen-taps,3-way-filtered-kitchen-tap-for-ro-water-filters-mixer-in-black-nickel-gold-and-c,/plumbing/kitchen-taps/3-way-filtered-kitchen-tap-for-ro-water-filters-mixer-in-black-nickel-gold-and-c/,EA-PLB-KIT-10,certified,,,Kitchen tap — WaterMark required for mains connection,"WaterMark certificate number REQUIRED. If non-certified, mark not_certified and add off-mains warning.",,,,,,,,,,,YES,YES,YES,YES,YES,1,818,,/product/3-way-filtered-kitchen-tap-for-ro-water-filters-mixer-in-black-nickel-gold-and-c/
12257,Gooseneck Kitchen Mixer Tap in Polished Chrome,simple,59.95,,Kitchen Taps,KEEP,plumbing,kitchen-taps,gooseneck-kitchen-mixer-tap-in-polished-chrome,/plumbing/kitchen-taps/gooseneck-kitchen-mixer-tap-in-polished-chrome/,EA-PLB-KIT-09,certified,,,Kitchen tap — WaterMark required for mains connection,"WaterMark certificate number REQUIRED. If non-certified, mark not_certified and add off-mains warning.",,,,,,,,,,,YES,YES,YES,YES,YES,1,1157,,/product/gooseneck-kitchen-mixer-tap-in-polished-chrome/
5078,Spring Loaded Tap - Kitchen Mixer in Brushed Nickel,simple,119.95,,Kitchen Taps,KEEP,plumbing,kitchen-taps,spring-loaded-tap-kitchen-mixer-in-brushed-nickel,/plumbing/kitchen-taps/spring-loaded-tap-kitchen-mixer-in-brushed-nickel/,EA-PLB-KIT-07,certified,,,Kitchen tap — WaterMark required for mains connection,"WaterMark certificate number REQUIRED. If non-certified, mark not_certified and add off-mains warning.",,,,,,,,,,,YES,YES,YES,YES,YES,1,1420,,/product/spring-loaded-tap-kitchen-mixer-in-brushed-nickel/
12261,Tall Spring Loaded Kitchen Mixer with Pull-Out Spray in Polished Chrome,simple,169.95,,Kitchen Taps,KEEP,plumbing,kitchen-taps,tall-spring-loaded-kitchen-mixer-with-pull-out-spray-in-polished-chrome,/plumbing/kitchen-taps/tall-spring-loaded-kitchen-mixer-with-pull-out-spray-in-polished-chrome/,EA-PLB-REV-07,certified,,,Kitchen tap — WaterMark required for mains connection,"WaterMark certificate number REQUIRED. If non-certified, mark not_certified and add off-mains warning.",,,,,,,,,,,YES,YES,YES,YES,YES,1,1771,,/product/tall-spring-loaded-kitchen-mixer-with-pull-out-spray-in-polished-chrome/
4595,Bathroom water saving round shower set round rainfall head shower WELS WaterMark,simple,295.0,,Showers,KEEP,plumbing,showers,bathroom-water-saving-round-shower-set-round-rainfall-head-shower-wels-watermark,/plumbing/showers/bathroom-water-saving-round-shower-set-round-rainfall-head-shower-wels-watermark/,EA-PLB-SHWR-02,certified,,,Shower system,WaterMark certificate number REQUIRED,,,,,,,,,,YES,YES,YES,YES,YES,YES,1,1660,,/product/bathroom-water-saving-round-shower-set-round-rainfall-head-shower-wels-watermark/
4198,Shower Filter | 15 Stages | Includes Extra Cartridge,simple,39.95,,"Showers, Water Filters",KEEP,plumbing,showers,shower-filter-15-stages-includes-extra-cartridge,/plumbing/showers/shower-filter-15-stages-includes-extra-cartridge/,EA-PLB-SHWR,not_required,use:home-drinking-water,problem:chlorine-and-taste,Shower filter — bathroom water filtration,,,,,,,,,YES,,YES,,YES,YES,,,5,0,,/product/shower-filter-15-stages-includes-extra-cartridge/
12275,"In-Wall Dual Flush Toilet Button Faceplate – Circular Design in Black, Chrome, Gold & Nickel",variable,,,Bathroom Accessories,KEEP,plumbing,toilets,in-wall-dual-flush-toilet-button-faceplate-circular-design-in-black-chrome-gold,/plumbing/toilets/in-wall-dual-flush-toilet-button-faceplate-circular-design-in-black-chrome-gold/,EA-PLB-TLT-03,not_required,,,Toilet accessory,,,,,,,,,,,,YES,YES,YES,,,1,1383,,/product/in-wall-dual-flush-toilet-button-faceplate-circular-design-in-black-chrome-gold/
12285,"In-Wall Dual Flush Toilet Button Faceplate – Rectangular Design in Black, Chrome, Gold & Nickel",variable,,,Bathroom Accessories,KEEP,plumbing,toilets,in-wall-dual-flush-toilet-button-faceplate-rectangular-design-in-black-chrome-go,/plumbing/toilets/in-wall-dual-flush-toilet-button-faceplate-rectangular-design-in-black-chrome-go/,EA-PLB-TLT-04,not_required,,,Toilet accessory,,,,,,,,,,,,YES,YES,YES,,,1,1389,,/product/in-wall-dual-flush-toilet-button-faceplate-rectangular-design-in-black-chrome-go/
4622,"Rimless Watermark Back-to-Wall Toilet | Soft Close Seat | WELS Rated | Local Pickup – Central Coast, NSW",simple,265.0,,Toilets,KEEP,plumbing,toilets,rimless-watermark-back-to-wall-toilet-soft-close-seat-wels-rated-local-pickup-ce,/plumbing/toilets/rimless-watermark-back-to-wall-toilet-soft-close-seat-wels-rated-local-pickup-ce/,EA-PLB-REV-03,certified,,,Toilet — WaterMark required for sale in AU,"WaterMark certificate number REQUIRED. If supplier cannot provide, CUT this product (legal risk).",,,,,,,,,,,YES,YES,YES,YES,YES,2,2320,,/product/rimless-watermark-back-to-wall-toilet-soft-close-seat-wels-rated-local-pickup-ce/
4627,"Rimless Watermark Wash Down Toilet | Soft Close Seat | WELS Rated | Local Pickup – Central Coast, NSW",simple,295.0,,Toilets,KEEP,plumbing,toilets,rimless-watermark-wash-down-toilet-soft-close-seat-wels-rated-local-pickup-centr,/plumbing/toilets/rimless-watermark-wash-down-toilet-soft-close-seat-wels-rated-local-pickup-centr/,EA-PLB-REV-04,certified,,,Toilet — WaterMark required for sale in AU,"WaterMark certificate number REQUIRED. If supplier cannot provide, CUT this product (legal risk).",,,,,,,,,,,,YES,YES,YES,YES,7,2274,,/product/rimless-watermark-wash-down-toilet-soft-close-seat-wels-rated-local-pickup-centr/
4637,Toilet Rimless Modern Watermark Ceramic p trap Commode modern 2Piece Toilet WELS,simple,265.0,,Toilets,KEEP,plumbing,toilets,toilet-rimless-modern-watermark-ceramic-p-trap-commode-modern-2piece-toilet-wels,/plumbing/toilets/toilet-rimless-modern-watermark-ceramic-p-trap-commode-modern-2piece-toilet-wels/,EA-PLB-TLT-02,certified,,,Toilet — WaterMark required for sale in AU,"WaterMark certificate number REQUIRED. If supplier cannot provide, CUT this product (legal risk).",,,,,,,,,,YES,,YES,YES,YES,YES,5,573,,/product/toilet-rimless-modern-watermark-ceramic-p-trap-commode-modern-2piece-toilet-wels/
4003,12V Self Priming Water Pump Kit (Includes Tap + 5m pipe),simple,80.0,,Water Pumps,KEEP,pumps-and-tanks,12v-pumps,12v-self-priming-water-pump-kit-includes-tap-plus-5m-pipe,/pumps-and-tanks/12v-pumps/12v-self-priming-water-pump-kit-includes-tap-plus-5m-pipe/,EA-PT-12V,not_required,use:caravan-and-rv,,12V caravan pump (top traffic driver),Top organic traffic driver — protect this URL with redirect,,,,,,,,,,,,YES,YES,,,6,2077,,/product/12v-self-priming-water-pump-kit-includes-tap-plus-5m-pipe/
3699,24V Low Pressure Switch For Pump RO Water Fitlers With Quick Connect,simple,19.95,10.0,Fittings & Parts,KEEP,pumps-and-tanks,components,24v-low-pressure-switch-for-pump-ro-water-fitlers-with-quick-connect,/pumps-and-tanks/components/24v-low-pressure-switch-for-pump-ro-water-fitlers-with-quick-connect/,EA-PT-SW-02,not_required,,,Pump component (pressure switch/gauge),,,,,,,,,,,YES,,YES,YES,,,3,477,,/product/24v-low-pressure-switch-for-pump-ro-water-fitlers-with-quick-connect/
3688,24V high Pressure Switch for Pump RO Water Fitlers with Quick Connect,simple,19.95,10.0,Fittings & Parts,KEEP,pumps-and-tanks,components,24v-high-pressure-switch-for-pump-ro-water-fitlers-with-quick-connect,/pumps-and-tanks/components/24v-high-pressure-switch-for-pump-ro-water-fitlers-with-quick-connect/,EA-PT-SW,not_required,,,Pump component (pressure switch/gauge),,,,,,,,,,,YES,,YES,YES,,,4,422,,/product/24v-high-pressure-switch-for-pump-ro-water-fitlers-with-quick-connect/
3587,"Water and Air Pressure Oil Gauge New 1/4"" Brass BSPT Thread 60 / 150 / 300 PSI",simple,29.95,3.0,Fittings & Parts,KEEP,pumps-and-tanks,components,water-and-air-pressure-oil-gauge-new-1-4-brass-bspt-thread-60-150-300-psi,/pumps-and-tanks/components/water-and-air-pressure-oil-gauge-new-1-4-brass-bspt-thread-60-150-300-psi/,EA-PT-GAUGE,not_required,,,Pump component (pressure switch/gauge),,,,,,,,,,,YES,,YES,YES,,,4,1053,,/product/water-and-air-pressure-oil-gauge-new-1-4-brass-bspt-thread-60-150-300-psi/
4127,Automatic Self-priming Hot& Cold Water Pressure Pump With Flow Control 380W 220V,simple,174.95,,Water Pumps,KEEP,pumps-and-tanks,pressure-pumps,automatic-self-priming-hot-cold-water-pressure-pump-with-flow-control-380w-220v,/pumps-and-tanks/pressure-pumps/automatic-self-priming-hot-cold-water-pressure-pump-with-flow-control-380w-220v/,EA-PT-REV-02,not_required,,,Pressure pump,,,,,,,,,YES,,YES,,YES,YES,,,4,0,,/product/automatic-self-priming-hot-cold-water-pressure-pump-with-flow-control-380w-220v/
4119,DC12V 280W Submersible Solar Power Water Well Pump Garden Farm Ranch 23FT Lift,simple,59.95,,Water Pumps,KEEP,pumps-and-tanks,pressure-pumps,dc12v-280w-submersible-solar-power-water-well-pump-garden-farm-ranch-23ft-lift,/pumps-and-tanks/pressure-pumps/dc12v-280w-submersible-solar-power-water-well-pump-garden-farm-ranch-23ft-lift/,EA-PT-12V-02,not_required,use:rural-tank-water,,Submersible pump,,,,,,,,,YES,,YES,YES,YES,YES,,,1,0,,/product/dc12v-280w-submersible-solar-power-water-well-pump-garden-farm-ranch-23ft-lift/
4123,Single-Phase Submersible Clean water Pump 370W lift 10m,simple,69.95,,Water Pumps,KEEP,pumps-and-tanks,pressure-pumps,single-phase-submersible-clean-water-pump-370w-lift-10m,/pumps-and-tanks/pressure-pumps/single-phase-submersible-clean-water-pump-370w-lift-10m/,EA-PT-SUB,not_required,use:rural-tank-water,,Submersible pump,,,,,,,,,YES,,YES,YES,YES,YES,,,2,0,,/product/single-phase-submersible-clean-water-pump-370w-lift-10m/
4061,Stainless Electric Solar Booster Pump 100W Home Water Booster Pump,simple,140.0,,Water Pumps,KEEP,pumps-and-tanks,pressure-pumps,stainless-electric-solar-booster-pump-100w-home-water-booster-pump,/pumps-and-tanks/pressure-pumps/stainless-electric-solar-booster-pump-100w-home-water-booster-pump/,EA-PT-BOOST-02,not_required,use:rural-tank-water,,Solar booster pump,,,,,,,,,YES,,YES,,YES,YES,,,3,0,,/product/stainless-electric-solar-booster-pump-100w-home-water-booster-pump/
4131,TYP 4000 Bypass Pressure Adjustable Diaphragm Booster Pump 24 VDC/400GPD,simple,199.95,,Water Pumps,KEEP,pumps-and-tanks,pressure-pumps,typ-4000-bypass-pressure-adjustable-diaphragm-booster-pump-24-vdc-400gpd,/pumps-and-tanks/pressure-pumps/typ-4000-bypass-pressure-adjustable-diaphragm-booster-pump-24-vdc-400gpd/,EA-PT-BOOST-03,not_required,,,Pressure pump,,,,,,,,,YES,,YES,YES,YES,YES,,,1,0,,/product/typ-4000-bypass-pressure-adjustable-diaphragm-booster-pump-24-vdc-400gpd/
4037,1 Inch Flexible Stainless Steel Hose for Pressure Tank,simple,59.95,,Fittings & Parts,KEEP,pumps-and-tanks,pressure-tanks,1-inch-flexible-stainless-steel-hose-for-pressure-tank,/pumps-and-tanks/pressure-tanks/1-inch-flexible-stainless-steel-hose-for-pressure-tank/,EA-PT-PT,not_required,,,Pressure tank — system component,,,,,,,,,,,,YES,YES,YES,,,1,692,,/product/1-inch-flexible-stainless-steel-hose-for-pressure-tank/
4010,100L Vertical Solar System Water Pressure Tank Expansion Tank with legs,simple,400.0,,Tanks & Bladders,KEEP,pumps-and-tanks,pressure-tanks,100l-vertical-solar-system-water-pressure-tank-expansion-tank-with-legs,/pumps-and-tanks/pressure-tanks/100l-vertical-solar-system-water-pressure-tank-expansion-tank-with-legs/,EA-PT-PT-100L,not_required,,,Pressure tank — system component,,,,,,,,,,,YES,YES,YES,YES,,,1,856,,/product/100l-vertical-solar-system-water-pressure-tank-expansion-tank-with-legs/
3602,"12 Litre Reverse Osmosis Water Holding Tank RO-3.2G, Plastic Rust Free",simple,99.95,10.0,Tanks & Bladders,KEEP,pumps-and-tanks,pressure-tanks,12-litre-reverse-osmosis-water-holding-tank-ro-3-2g-plastic-rust-free,/pumps-and-tanks/pressure-tanks/12-litre-reverse-osmosis-water-holding-tank-ro-3-2g-plastic-rust-free/,EA-PT-REV,not_required,use:home-drinking-water,,RO holding tank,,,,,,,,,,,YES,YES,YES,YES,,,2,691,,/product/12-litre-reverse-osmosis-water-holding-tank-ro-3-2g-plastic-rust-free/
4017,12L Vertical Solar System Water Pressure Tank Expantion Tank /3.2 Gallons,simple,55.0,,Tanks & Bladders,KEEP,pumps-and-tanks,pressure-tanks,12l-vertical-solar-system-water-pressure-tank-expantion-tank-3-2-gallons,/pumps-and-tanks/pressure-tanks/12l-vertical-solar-system-water-pressure-tank-expantion-tank-3-2-gallons/,EA-PT-PT-12L,not_required,,,Pressure tank — system component,,,,,,,,,,,YES,YES,YES,YES,,,1,854,,/product/12l-vertical-solar-system-water-pressure-tank-expantion-tank-3-2-gallons/
4014,19L Vertical Solar System Water Pressure Tank Expantion Tank / 5.06 Gallons,simple,60.0,,Tanks & Bladders,KEEP,pumps-and-tanks,pressure-tanks,19l-vertical-solar-system-water-pressure-tank-expantion-tank-5-06-gallons,/pumps-and-tanks/pressure-tanks/19l-vertical-solar-system-water-pressure-tank-expantion-tank-5-06-gallons/,EA-PT-PT-19L,not_required,,,Pressure tank — system component,,,,,,,,,,,YES,YES,YES,YES,,,1,854,,/product/19l-vertical-solar-system-water-pressure-tank-expantion-tank-5-06-gallons/
4019,"Bladder For 100L Pressure Water Tank, Drinking Water Compatible made in Italy",simple,155.0,,Tanks & Bladders,KEEP,pumps-and-tanks,pressure-tanks,bladder-for-100l-pressure-water-tank-drinking-water-compatible-made-in-italy,/pumps-and-tanks/pressure-tanks/bladder-for-100l-pressure-water-tank-drinking-water-compatible-made-in-italy/,EA-PT-PT-100L-02,not_required,,,Pressure tank — system component,,,,,,,,,,,YES,YES,YES,YES,,,1,460,,/product/bladder-for-100l-pressure-water-tank-drinking-water-compatible-made-in-italy/
4026,"Bladder For 12L Pressure Water Tank, Drinking Water Compatible made in Italy",simple,35.0,,Tanks & Bladders,KEEP,pumps-and-tanks,pressure-tanks,bladder-for-12l-pressure-water-tank-drinking-water-compatible-made-in-italy,/pumps-and-tanks/pressure-tanks/bladder-for-12l-pressure-water-tank-drinking-water-compatible-made-in-italy/,EA-PT-PT-12L-02,not_required,,,Pressure tank — system component,,,,,,,,,,,YES,YES,YES,YES,,,1,340,,/product/bladder-for-12l-pressure-water-tank-drinking-water-compatible-made-in-italy/
4024,"Bladder For 19L Pressure Water Tank, Drinking Water Compatible made in Italy",simple,40.0,,Tanks & Bladders,KEEP,pumps-and-tanks,pressure-tanks,bladder-for-19l-pressure-water-tank-drinking-water-compatible-made-in-italy,/pumps-and-tanks/pressure-tanks/bladder-for-19l-pressure-water-tank-drinking-water-compatible-made-in-italy/,EA-PT-PT-19L-02,not_required,,,Pressure tank — system component,,,,,,,,,,,YES,YES,YES,YES,,,1,459,,/product/bladder-for-19l-pressure-water-tank-drinking-water-compatible-made-in-italy/
4023,"Bladder For 50L Pressure Water Tank, Drinking Water Compatible made in Italy",simple,70.0,,Tanks & Bladders,KEEP,pumps-and-tanks,pressure-tanks,bladder-for-50l-pressure-water-tank-drinking-water-compatible-made-in-italy,/pumps-and-tanks/pressure-tanks/bladder-for-50l-pressure-water-tank-drinking-water-compatible-made-in-italy/,EA-PT-PT-50L-02,not_required,,,Pressure tank — system component,,,,,,,,,,,YES,YES,YES,YES,,,1,459,,/product/bladder-for-50l-pressure-water-tank-drinking-water-compatible-made-in-italy/
4027,"Bladder For 8L Pressure Water Tank, Drinking Water Compatible made in Italy",simple,30.0,,Tanks & Bladders,KEEP,pumps-and-tanks,pressure-tanks,bladder-for-8l-pressure-water-tank-drinking-water-compatible-made-in-italy,/pumps-and-tanks/pressure-tanks/bladder-for-8l-pressure-water-tank-drinking-water-compatible-made-in-italy/,EA-PT-PT-8L,not_required,,,Pressure tank — system component,,,,,,,,,,,YES,YES,YES,YES,,,1,339,,/product/bladder-for-8l-pressure-water-tank-drinking-water-compatible-made-in-italy/
4012,"Water Pressure Tank Vessel 50L, Steel, Drinking Water Compatible Bladder, Almond",simple,180.0,,Tanks & Bladders,KEEP,pumps-and-tanks,pressure-tanks,water-pressure-tank-vessel-50l-steel-drinking-water-compatible-bladder-almond,/pumps-and-tanks/pressure-tanks/water-pressure-tank-vessel-50l-steel-drinking-water-compatible-bladder-almond/,EA-PT-PT-50L,not_required,,,Pressure tank — system component,,,,,,,,,,,YES,YES,YES,YES,,,1,732,,/product/water-pressure-tank-vessel-50l-steel-drinking-water-compatible-bladder-almond/
3605,RO Water Filter 24v DC Diaphragm Pump Reverse Osmosis Pressure Booster Pump,simple,89.95,,Water Pumps,KEEP,pumps-and-tanks,ro-booster-pumps,ro-water-filter-24v-dc-diaphragm-pump-reverse-osmosis-pressure-booster-pump,/pumps-and-tanks/ro-booster-pumps/ro-water-filter-24v-dc-diaphragm-pump-reverse-osmosis-pressure-booster-pump/,EA-PT-BOOST,not_required,use:home-drinking-water,,RO booster pump,,,,,,,,,,,YES,,YES,YES,,,3,2165,,/product/ro-water-filter-24v-dc-diaphragm-pump-reverse-osmosis-pressure-booster-pump/
11775,Bench Top Water Filter | Carbon | 1 Stage,simple,49.95,,Water Filters,KEEP,water-filters,bench-top,bench-top-water-filter-carbon-1-stage,/water-filters/bench-top/bench-top-water-filter-carbon-1-stage/,EA-WF-BT-1S-02,not_required,"use:rental-friendly,use:home-drinking-water",problem:chlorine-and-taste,Bench top filtration — rental friendly,,,,,,,,,YES,,,YES,YES,YES,,,1,0,,/product/bench-top-water-filter-carbon-1-stage/
11772,Bench Top Water Filter | Sediment | 1 Stage,simple,69.95,,Water Filters,KEEP,water-filters,bench-top,bench-top-water-filter-sediment-1-stage,/water-filters/bench-top/bench-top-water-filter-sediment-1-stage/,EA-WF-BT-1S,not_required,"use:rental-friendly,use:home-drinking-water",problem:chlorine-and-taste,Bench top filtration — rental friendly,,,,,,,,,YES,,,YES,YES,YES,,,1,0,,/product/bench-top-water-filter-sediment-1-stage/
3610,"Bench Top Water Filter | Sediment, Carbon | 2 Stage",simple,69.95,,Water Filters,KEEP,water-filters,bench-top,bench-top-water-filter-sediment-carbon-2-stage,/water-filters/bench-top/bench-top-water-filter-sediment-carbon-2-stage/,EA-WF-BT-2S,not_required,"use:rental-friendly,use:home-drinking-water",problem:chlorine-and-taste,Bench top filtration — rental friendly,,,,,,,,,YES,,,YES,YES,YES,,,1,0,,/product/bench-top-water-filter-sediment-carbon-2-stage/
3535,Diverter Valve Tap Rubber Connector /Adapter To Fit Benchtop To Old Taps,simple,19.95,1.0,Fittings & Parts,KEEP,water-filters,bench-top,diverter-valve-tap-rubber-connector-adapter-to-fit-benchtop-to-old-taps,/water-filters/bench-top/diverter-valve-tap-rubber-connector-adapter-to-fit-benchtop-to-old-taps/,EA-WF-REV-06,not_required,"use:rental-friendly,use:home-drinking-water",problem:chlorine-and-taste,Bench top filtration — rental friendly,,,,,,,,,,YES,YES,YES,YES,YES,,,2,85,,/product/diverter-valve-tap-rubber-connector-adapter-to-fit-benchtop-to-old-taps/
3494,"Diverter Valve Tap connector for 1/4"" tube Benchtop Countertop water filters",simple,22.99,9.0,Fittings & Parts,KEEP,water-filters,bench-top,diverter-valve-tap-connector-for-1-4-tube-benchtop-countertop-water-filters,/water-filters/bench-top/diverter-valve-tap-connector-for-1-4-tube-benchtop-countertop-water-filters/,EA-WF-REV-04,not_required,"use:rental-friendly,use:home-drinking-water",problem:chlorine-and-taste,Bench top filtration — rental friendly,,,,,,,,,,YES,YES,YES,YES,YES,,,2,181,,/product/diverter-valve-tap-connector-for-1-4-tube-benchtop-countertop-water-filters/
3409,"Diverter Valve Tap connector for 1/4"" tube Benchtop water filters",simple,27.95,9.0,Fittings & Parts,KEEP,water-filters,bench-top,diverter-valve-tap-connector-for-1-4-tube-benchtop-water-filters,/water-filters/bench-top/diverter-valve-tap-connector-for-1-4-tube-benchtop-water-filters/,EA-WF-REV,not_required,"use:rental-friendly,use:home-drinking-water",problem:chlorine-and-taste,Bench top filtration — rental friendly,,,,,,,,,,YES,YES,,YES,YES,,,3,215,,/product/diverter-valve-tap-connector-for-1-4-tube-benchtop-water-filters/
3395,COMMERCIAL REVERSE OSMOSIS RO DESALINATION PLANT RO 1500 LPD / 400GPD,simple,940.0,,"Water Filters, Whole House",KEEP,water-filters,commercial,commercial-reverse-osmosis-ro-desalination-plant-ro-1500-lpd-400gpd,/water-filters/commercial/commercial-reverse-osmosis-ro-desalination-plant-ro-1500-lpd-400gpd/,EA-WF-RO-03,not_required,use:commercial-and-cafe,"problem:fluoride-removal,problem:bacteria-and-pathogens",Commercial filtration,"Review duplicates: 500LPH variant, 1500 LPD, two near-identical 3000 LPD listings — keep one canonical 3000 LPD",,,,,,,,,,YES,YES,YES,YES,,,2,1357,,/product/commercial-reverse-osmosis-ro-desalination-plant-ro-1500-lpd-400gpd/
3550,COMMERCIAL REVERSE OSMOSIS RO DESALINATION PLANT RO 3000 LPD / 800 GPD With Pressure Tank,simple,1450.0,,"Water Filters, Whole House",KEEP,water-filters,commercial,commercial-reverse-osmosis-ro-desalination-plant-ro-3000-lpd-800-gpd-with-pressu,/water-filters/commercial/commercial-reverse-osmosis-ro-desalination-plant-ro-3000-lpd-800-gpd-with-pressu/,EA-WF-RO-09,not_required,use:commercial-and-cafe,"problem:fluoride-removal,problem:bacteria-and-pathogens",Commercial filtration,"Review duplicates: 500LPH variant, 1500 LPD, two near-identical 3000 LPD listings — keep one canonical 3000 LPD",,,,,,,,,,YES,,YES,YES,,,3,1855,,/product/commercial-reverse-osmosis-ro-desalination-plant-ro-3000-lpd-800-gpd-with-pressu/
12568,Commercial reverses osmosis RO 500LPH water treatment machinery equipment,simple,5490.0,,Whole House,KEEP,water-filters,commercial,commercial-reverses-osmosis-ro-500lph-water-treatment-machinery-equipment,/water-filters/commercial/commercial-reverses-osmosis-ro-500lph-water-treatment-machinery-equipment/,EA-WF-RO-13,not_required,use:commercial-and-cafe,"problem:fluoride-removal,problem:bacteria-and-pathogens",Commercial RO water treatment,,,,,,,,,,,YES,,YES,YES,,,6,1606,,/product/commercial-reverses-osmosis-ro-500lph-water-treatment-machinery-equipment/
3443,"1/4"" Push Fit Pipe Fitting Elbow Tube Connector Joiner Water Filter Fridge RO",simple,17.95,9.0,Fittings & Parts,KEEP,water-filters,parts,1-4-push-fit-pipe-fitting-elbow-tube-connector-joiner-water-filter-fridge-ro,/water-filters/parts/1-4-push-fit-pipe-fitting-elbow-tube-connector-joiner-water-filter-fridge-ro/,EA-WF-PART-02,not_required,,,Water filter fitting/component,,,,,,,,,,,YES,,YES,YES,,,3,456,,/product/1-4-push-fit-pipe-fitting-elbow-tube-connector-joiner-water-filter-fridge-ro/
3514,2 x Water Filter Fitting Tee Quick Connect 1/4' TEE 6mm Fridge. Enviro Aqua,simple,14.95,8.0,Fittings & Parts,KEEP,water-filters,parts,2-x-water-filter-fitting-tee-quick-connect-1-4-tee-6mm-fridge-enviro-aqua,/water-filters/parts/2-x-water-filter-fitting-tee-quick-connect-1-4-tee-6mm-fridge-enviro-aqua/,EA-WF-RO-07,not_required,,,Water filter fitting/component,,,,,,,,,,YES,YES,,YES,YES,,,5,128,,/product/2-x-water-filter-fitting-tee-quick-connect-1-4-tee-6mm-fridge-enviro-aqua/
4137,"20"" x 4.5"" Whole House Rain Tank Water Filter System 5Mic sediment Steel Bracket",simple,282.0,,Whole House,KEEP,water-filters,parts,20-x-4-5-whole-house-rain-tank-water-filter-system-5mic-sediment-steel-bracket,/water-filters/parts/20-x-4-5-whole-house-rain-tank-water-filter-system-5mic-sediment-steel-bracket/,EA-WF-WH-03,not_required,,,Water filter fitting/component,,,,,,,,,YES,,YES,YES,YES,YES,,,1,0,,/product/20-x-4-5-whole-house-rain-tank-water-filter-system-5mic-sediment-steel-bracket/
3433,2X Home Plastic 3-Way Water Purifier Filters Tube Quick Connect Fitting White,simple,14.95,10.0,Fittings & Parts,KEEP,water-filters,parts,2x-home-plastic-3-way-water-purifier-filters-tube-quick-connect-fitting-white,/water-filters/parts/2x-home-plastic-3-way-water-purifier-filters-tube-quick-connect-fitting-white/,EA-WF-PART,not_required,,,Water filter fitting/component,,,,,,,,,,YES,YES,,YES,YES,,,4,128,,/product/2x-home-plastic-3-way-water-purifier-filters-tube-quick-connect-fitting-white/
3400,"30 Pics 1/4"" Locking Clips Clamps for Reverse Osmosis Water Filter Fittings 6mm",simple,14.95,9.0,Fittings & Parts,KEEP,water-filters,parts,30-pics-1-4-locking-clips-clamps-for-reverse-osmosis-water-filter-fittings-6mm,/water-filters/parts/30-pics-1-4-locking-clips-clamps-for-reverse-osmosis-water-filter-fittings-6mm/,EA-WF-RO-04,not_required,,,Water filter fitting/component,,,,,,,,,,YES,YES,YES,YES,YES,,,2,82,,/product/30-pics-1-4-locking-clips-clamps-for-reverse-osmosis-water-filter-fittings-6mm/
3647,"30 Pics 3/8"" Locking Clips Clamps for Reverse Osmosis Water Filter Fittings",simple,14.95,9.0,Fittings & Parts,KEEP,water-filters,parts,30-pics-3-8-locking-clips-clamps-for-reverse-osmosis-water-filter-fittings,/water-filters/parts/30-pics-3-8-locking-clips-clamps-for-reverse-osmosis-water-filter-fittings/,EA-WF-RO-10,not_required,,,Water filter fitting/component,,,,,,,,,,YES,YES,YES,YES,YES,,,1,219,,/product/30-pics-3-8-locking-clips-clamps-for-reverse-osmosis-water-filter-fittings/
3497,"5 x 1/4"" Push Fit Pipe Fitting Elbow Tube Connector Joiner Water Filter Fridge",simple,19.95,12.0,Fittings & Parts,KEEP,water-filters,parts,5-x-1-4-push-fit-pipe-fitting-elbow-tube-connector-joiner-water-filter-fridge,/water-filters/parts/5-x-1-4-push-fit-pipe-fitting-elbow-tube-connector-joiner-water-filter-fridge/,EA-WF-PART-05,not_required,,,Water filter fitting/component,,,,,,,,,,,YES,,YES,YES,,,4,464,,/product/5-x-1-4-push-fit-pipe-fitting-elbow-tube-connector-joiner-water-filter-fridge/
3476,"5 x Fridge Water Filter Fitting Threaded Elbow Quick Connect 6mm x 1/4"" Push Fit",simple,19.95,8.0,Fittings & Parts,KEEP,water-filters,parts,5-x-fridge-water-filter-fitting-threaded-elbow-quick-connect-6mm-x-1-4-push-fit,/water-filters/parts/5-x-fridge-water-filter-fitting-threaded-elbow-quick-connect-6mm-x-1-4-push-fit/,EA-WF-PART-04,not_required,,,Water filter fitting/component,,,,,,,,,,,YES,,YES,YES,,,6,381,,/product/5-x-fridge-water-filter-fitting-threaded-elbow-quick-connect-6mm-x-1-4-push-fit/
3543,5 x Water Filter Fitting Joiner Quick Connect 1/4' 6mm Fridge. Enviro Aqua,simple,19.95,10.0,Fittings & Parts,KEEP,water-filters,parts,5-x-water-filter-fitting-joiner-quick-connect-1-4-6mm-fridge-enviro-aqua,/water-filters/parts/5-x-water-filter-fitting-joiner-quick-connect-1-4-6mm-fridge-enviro-aqua/,EA-WF-RO-08,not_required,,,Water filter fitting/component,,,,,,,,,,YES,YES,,YES,YES,,,5,125,,/product/5-x-water-filter-fitting-joiner-quick-connect-1-4-6mm-fridge-enviro-aqua/
4387,"50Psi Pressure Limiting Protection Dual Check Valve - Quick Connect Water Filter Regulation in 3/8"" or 1'4""",variable,,,Fittings & Parts,KEEP,water-filters,parts,50psi-pressure-limiting-protection-dual-check-valve-quick-connect-water-filter-r,/water-filters/parts/50psi-pressure-limiting-protection-dual-check-valve-quick-connect-water-filter-r/,EA-WF-REV-11,not_required,,,Water filter fitting/component,,,,,,,,,,,,YES,YES,YES,,,1,673,,/product/50psi-pressure-limiting-protection-dual-check-valve-quick-connect-water-filter-r/
3458,"Inline Shutoff Ball Valve | Push Fit Quick Connect | 1/4""",simple,7.95,,Fittings & Parts,KEEP,water-filters,parts,inline-shutoff-ball-valve-push-fit-quick-connect-1-4,/water-filters/parts/inline-shutoff-ball-valve-push-fit-quick-connect-1-4/,EA-WF-INLN,not_required,,,Water filter fitting/component,,,,,,,,,,YES,,YES,YES,YES,,,1,180,,/product/inline-shutoff-ball-valve-push-fit-quick-connect-1-4/
3472,"Plastic Opening Handle Spanner Wrench For 10""x2.5”Water Filter Housing Universal",simple,12.95,2.0,Fittings & Parts,KEEP,water-filters,parts,plastic-opening-handle-spanner-wrench-for-10x2-5-water-filter-housing-universal,/water-filters/parts/plastic-opening-handle-spanner-wrench-for-10x2-5-water-filter-housing-universal/,EA-WF-REV-02,not_required,,,Water filter fitting/component,,,,,,,,,,YES,YES,,YES,YES,,,3,147,,/product/plastic-opening-handle-spanner-wrench-for-10x2-5-water-filter-housing-universal/
3450,RO Wrench for Water Filter wrenching 1812 Housing of Reverse Osmosis Membrane,simple,14.95,7.0,Fittings & Parts,KEEP,water-filters,parts,ro-wrench-for-water-filter-wrenching-1812-housing-of-reverse-osmosis-membrane,/water-filters/parts/ro-wrench-for-water-filter-wrenching-1812-housing-of-reverse-osmosis-membrane/,EA-WF-RO-06,not_required,,,Water filter fitting/component,,,,,,,,,,YES,YES,,YES,YES,,,3,131,,/product/ro-wrench-for-water-filter-wrenching-1812-housing-of-reverse-osmosis-membrane/
3381,"Reverse Osmosis RO Residential 1/4"" Drain Clamp",simple,19.95,9.0,Fittings & Parts,KEEP,water-filters,parts,reverse-osmosis-ro-residential-1-4-drain-clamp,/water-filters/parts/reverse-osmosis-ro-residential-1-4-drain-clamp/,EA-WF-RO-02,not_required,,,Water filter fitting/component,,,,,,,,,,YES,YES,YES,YES,YES,,,2,269,,/product/reverse-osmosis-ro-residential-1-4-drain-clamp/
3660,"Standard 10"" x 2.5"" water filter Standard Water Filter Housing White | Universal",simple,29.95,,Water Filters,KEEP,water-filters,parts,standard-10-x-2-5-water-filter-standard-water-filter-housing-white-universal,/water-filters/parts/standard-10-x-2-5-water-filter-standard-water-filter-housing-white-universal/,EA-WF-REV-08,not_required,,,Filter housing — system component,,,,,,,,,,,YES,,YES,YES,,,3,1450,,/product/standard-10-x-2-5-water-filter-standard-water-filter-housing-white-universal/
3508,"Tank Ball Valve | Push Fit Quick Connect | 1/4""",simple,7.95,8.0,Fittings & Parts,KEEP,water-filters,parts,tank-ball-valve-push-fit-quick-connect-1-4,/water-filters/parts/tank-ball-valve-push-fit-quick-connect-1-4/,EA-WF-REV-05,not_required,,,Water filter fitting/component,,,,,,,,,,YES,,,YES,YES,,,3,127,,/product/tank-ball-valve-push-fit-quick-connect-1-4/
3483,Tap Thread Adaptor Suitable for Countertop Systems 22mm to 24mm,simple,14.95,8.0,Fittings & Parts,KEEP,water-filters,parts,tap-thread-adaptor-suitable-for-countertop-systems-22mm-to-24mm,/water-filters/parts/tap-thread-adaptor-suitable-for-countertop-systems-22mm-to-24mm/,EA-WF-REV-03,not_required,,,Water filter fitting/component,,,,,,,,,,,YES,,YES,YES,,,6,405,,/product/tap-thread-adaptor-suitable-for-countertop-systems-22mm-to-24mm/
3355,"Water Filter Fitting Joiner Quick Connect 3/8"" . Enviro Aqua",simple,14.95,,Fittings & Parts,KEEP,water-filters,parts,water-filter-fitting-joiner-quick-connect-3-8-enviro-aqua,/water-filters/parts/water-filter-fitting-joiner-quick-connect-3-8-enviro-aqua/,EA-WF-RO,not_required,,,Water filter fitting/component,,,,,,,,,,YES,YES,,YES,YES,,,3,193,,/product/water-filter-fitting-joiner-quick-connect-3-8-enviro-aqua/
3403,"Water Filter Fitting Tee Quick Connect 3/8"". Enviro Aqua",simple,14.95,8.0,Fittings & Parts,KEEP,water-filters,parts,water-filter-fitting-tee-quick-connect-3-8-enviro-aqua,/water-filters/parts/water-filter-fitting-tee-quick-connect-3-8-enviro-aqua/,EA-WF-RO-05,not_required,,,Water filter fitting/component,,,,,,,,,,YES,YES,,YES,YES,,,5,200,,/product/water-filter-fitting-tee-quick-connect-3-8-enviro-aqua/
3624,"Water Filter Tube | High Pressure NSF Pipe | 1/4"" 6mm| LLDPE",variable,,,Fittings & Parts,KEEP,water-filters,parts,water-filter-tube-high-pressure-nsf-pipe-1-4-6mm-lldpe,/water-filters/parts/water-filter-tube-high-pressure-nsf-pipe-1-4-6mm-lldpe/,EA-WF-REV-07,not_required,,,Water filter tubing,,,,,,,,,,,,YES,YES,YES,,,1,938,,/product/water-filter-tube-high-pressure-nsf-pipe-1-4-6mm-lldpe/
12036,"Water Filter Tube | High Pressure NSF Pipe | 3/8"" | LLDPE",variable,,,Fittings & Parts,KEEP,water-filters,parts,water-filter-tube-high-pressure-nsf-pipe-3-8-lldpe,/water-filters/parts/water-filter-tube-high-pressure-nsf-pipe-3-8-lldpe/,EA-WF-REV-12,not_required,,,Water filter tubing,,,,,,,,,,,,YES,YES,YES,,,1,941,,/product/water-filter-tube-high-pressure-nsf-pipe-3-8-lldpe/
3465,"Water Pressure Reducing Valve with Quick Connect Fitting 1/4"" (6mm) tube",simple,24.95,1.0,Fittings & Parts,KEEP,water-filters,parts,water-pressure-reducing-valve-with-quick-connect-fitting-1-4-6mm-tube,/water-filters/parts/water-pressure-reducing-valve-with-quick-connect-fitting-1-4-6mm-tube/,EA-WF-PART-03,not_required,,,Water filter fitting/component,,,,,,,,,,,YES,YES,YES,YES,,,1,330,,/product/water-pressure-reducing-valve-with-quick-connect-fitting-1-4-6mm-tube/
3693,"3-Way RO System Water Shut Off Stop Valve 1/4”x 1/4 Quick connect x 1/2""",simple,19.95,10.0,Fittings & Parts,KEEP,water-filters,reverse-osmosis,3-way-ro-system-water-shut-off-stop-valve-1-4-x-1-4-quick-connect-x-1-2,/water-filters/reverse-osmosis/3-way-ro-system-water-shut-off-stop-valve-1-4-x-1-4-quick-connect-x-1-2/,EA-WF-RO-11,not_required,use:home-drinking-water,problem:fluoride-removal,RO system,,,,,,,,,,YES,YES,,YES,YES,,,5,127,,/product/3-way-ro-system-water-shut-off-stop-valve-1-4-x-1-4-quick-connect-x-1-2/
4076,5 Stage Undersink Home Drinking RO Water Filter System With 3 Way Tap,simple,599.95,,Fittings & Parts,KEEP,water-filters,reverse-osmosis,5-stage-undersink-home-drinking-ro-water-filter-system-with-3-way-tap,/water-filters/reverse-osmosis/5-stage-undersink-home-drinking-ro-water-filter-system-with-3-way-tap/,EA-WF-RO-5S,not_required,use:home-drinking-water,problem:fluoride-removal,Core filtration product,,,,,,,,,YES,,YES,YES,YES,YES,,,1,0,,/product/5-stage-undersink-home-drinking-ro-water-filter-system-with-3-way-tap/
4078,"5 Stages RO System , Stainless Steel Tap",simple,349.95,,Fittings & Parts,KEEP,water-filters,reverse-osmosis,5-stages-ro-system-stainless-steel-tap,/water-filters/reverse-osmosis/5-stages-ro-system-stainless-steel-tap/,EA-WF-RO-5S-02,not_required,use:home-drinking-water,problem:fluoride-removal,RO system,,,,,,,,,,,YES,YES,YES,YES,,,1,1864,,/product/5-stages-ro-system-stainless-steel-tap/
4102,5 stages RO Cartridges Replacement set For 5 Stages RO Water Filter System 5mic,simple,124.95,,Fittings & Parts,KEEP,water-filters,reverse-osmosis,5-stages-ro-cartridges-replacement-set-for-5-stages-ro-water-filter-system-5mic,/water-filters/reverse-osmosis/5-stages-ro-cartridges-replacement-set-for-5-stages-ro-water-filter-system-5mic/,EA-WF-RO-5S-03,not_required,use:home-drinking-water,problem:fluoride-removal,RO system,,,,,,,,,,,YES,YES,YES,YES,,,1,914,,/product/5-stages-ro-cartridges-replacement-set-for-5-stages-ro-water-filter-system-5mic/
11779,Under Sink Water Filter | 4 Stage | Reverse Osmosis System,simple,209.95,7.0,Water Filters,KEEP,water-filters,reverse-osmosis,under-sink-water-filter-4-stage-reverse-osmosis-system,/water-filters/reverse-osmosis/under-sink-water-filter-4-stage-reverse-osmosis-system/,EA-WF-RO-4S,not_required,use:home-drinking-water,problem:fluoride-removal,Core filtration product,,,,,,,,,YES,,,YES,YES,YES,,,1,0,,/product/under-sink-water-filter-4-stage-reverse-osmosis-system/
11783,Under Sink Water Filter | 5 Stage | Reverse Osmosis System,simple,259.95,5.0,Water Filters,KEEP,water-filters,reverse-osmosis,under-sink-water-filter-5-stage-reverse-osmosis-system,/water-filters/reverse-osmosis/under-sink-water-filter-5-stage-reverse-osmosis-system/,EA-WF-RO-5S-04,not_required,use:home-drinking-water,problem:fluoride-removal,Core filtration product,,,,,,,,,YES,,,YES,YES,YES,,,1,0,,/product/under-sink-water-filter-5-stage-reverse-osmosis-system/
11910,Under Sink Water Filter | 6 Stage | Reverse Osmosis System,simple,289.95,5.0,Water Filters,KEEP,water-filters,reverse-osmosis,under-sink-water-filter-6-stage-reverse-osmosis-system,/water-filters/reverse-osmosis/under-sink-water-filter-6-stage-reverse-osmosis-system/,EA-WF-RO-6S,not_required,use:home-drinking-water,problem:fluoride-removal,Core filtration product,,,,,,,,,YES,,,YES,YES,YES,,,1,0,,/product/under-sink-water-filter-6-stage-reverse-osmosis-system/
3577,"Under Sink Water Filter | 2 Stage | Sediment, Carbon",simple,99.95,4.0,Water Filters,KEEP,water-filters,under-sink,under-sink-water-filter-2-stage-sediment-carbon,/water-filters/under-sink/under-sink-water-filter-2-stage-sediment-carbon/,EA-WF-US-2S,not_required,use:home-drinking-water,,Core filtration product,,,,,,,,,,,,YES,YES,YES,,,1,1112,,/product/under-sink-water-filter-2-stage-sediment-carbon/
11760,"Under Sink Water Filter | 3 Stage | Sediment, Carbon, Alkaline",simple,129.95,7.0,Water Filters,KEEP,water-filters,under-sink,under-sink-water-filter-3-stage-sediment-carbon-alkaline,/water-filters/under-sink/under-sink-water-filter-3-stage-sediment-carbon-alkaline/,EA-WF-US-3S,not_required,use:home-drinking-water,problem:hard-water-and-scale,Core filtration product,,,,,,,,,,,,YES,YES,YES,,,1,1112,,/product/under-sink-water-filter-3-stage-sediment-carbon-alkaline/
4033,UV 0.5-1-GPM 11w Filters | UV Water Sterilizer Filter | 220v Phillip Lamp,simple,100.0,,Fittings & Parts,KEEP,water-filters,uv-sterilisation,uv-0-5-1-gpm-11w-filters-uv-water-sterilizer-filter-220v-phillip-lamp,/water-filters/uv-sterilisation/uv-0-5-1-gpm-11w-filters-uv-water-sterilizer-filter-220v-phillip-lamp/,EA-WF-UV-03,not_required,,problem:bacteria-and-pathogens,UV sterilizer / replacement lamp,,,,,,,,,,,YES,YES,YES,YES,,,1,563,,/product/uv-0-5-1-gpm-11w-filters-uv-water-sterilizer-filter-220v-phillip-lamp/
3949,UV Water Filter | Ultraviolet Sterilisation | 0.5-1 GPM | 6W | 12VDC,simple,99.95,,Water Filters,KEEP,water-filters,uv-sterilisation,uv-water-filter-ultraviolet-sterilisation-0-5-1-gpm-6w-12vdc,/water-filters/uv-sterilisation/uv-water-filter-ultraviolet-sterilisation-0-5-1-gpm-6w-12vdc/,EA-WF-UV,not_required,"use:rural-tank-water,use:home-drinking-water",problem:bacteria-and-pathogens,UV water sterilisation,,,,,,,,,,,,YES,YES,YES,,,1,472,,/product/uv-water-filter-ultraviolet-sterilisation-0-5-1-gpm-6w-12vdc/
11793,UV Water Filter | Ultraviolet Sterilisation | 0.5-1 GPM | 6W | 220V,simple,89.95,,Water Filters,KEEP,water-filters,uv-sterilisation,uv-water-filter-ultraviolet-sterilisation-0-5-1-gpm-6w-220v,/water-filters/uv-sterilisation/uv-water-filter-ultraviolet-sterilisation-0-5-1-gpm-6w-220v/,EA-WF-UV-05,not_required,"use:rural-tank-water,use:home-drinking-water",problem:bacteria-and-pathogens,UV water sterilisation,,,,,,,,,,,,YES,YES,YES,,,1,474,,/product/uv-water-filter-ultraviolet-sterilisation-0-5-1-gpm-6w-220v/
3954,UV Water Filter | Ultraviolet Sterilisation | 1500LPH | 25W | 220V – 240V,simple,244.95,,"Water Filters, Whole House",KEEP,water-filters,uv-sterilisation,uv-water-filter-ultraviolet-sterilisation-1500lph-25w-220v-240v,/water-filters/uv-sterilisation/uv-water-filter-ultraviolet-sterilisation-1500lph-25w-220v-240v/,EA-WF-UV-02,not_required,"use:rural-tank-water,use:home-drinking-water",problem:bacteria-and-pathogens,UV water sterilisation,,,,,,,,,,,YES,,YES,YES,,,3,3388,,/product/uv-water-filter-ultraviolet-sterilisation-1500lph-25w-220v-240v/
4135,UV Water Filter | Ultraviolet Sterilisation | 2700LPH | 55W | 220V - 240V,simple,385.0,,Water Filters,KEEP,water-filters,uv-sterilisation,uv-water-filter-ultraviolet-sterilisation-2700lph-55w-220v-240v,/water-filters/uv-sterilisation/uv-water-filter-ultraviolet-sterilisation-2700lph-55w-220v-240v/,EA-WF-UV-04,not_required,"use:rural-tank-water,use:home-drinking-water",problem:bacteria-and-pathogens,UV water sterilisation,,,,,,,,,YES,,YES,YES,YES,YES,,,1,0,,/product/uv-water-filter-ultraviolet-sterilisation-2700lph-55w-220v-240v/
4031,"Ultraviolet Water Sterilizer Stainless Steel Unit 40W, 2700LPH Full set 4 Pins",simple,365.0,,Fittings & Parts,KEEP,water-filters,uv-sterilisation,ultraviolet-water-sterilizer-stainless-steel-unit-40w-2700lph-full-set-4-pins,/water-filters/uv-sterilisation/ultraviolet-water-sterilizer-stainless-steel-unit-40w-2700lph-full-set-4-pins/,EA-WF-REV-10,not_required,"use:rural-tank-water,use:home-drinking-water",problem:bacteria-and-pathogens,UV water sterilisation,,,,,,,,,,,YES,YES,YES,YES,,,1,1084,,/product/ultraviolet-water-sterilizer-stainless-steel-unit-40w-2700lph-full-set-4-pins/
4028,"Ultraviolet Water Sterilizer Stainless Steel Unit 55W, 2700LPH Phillip Lamp",simple,385.0,,Fittings & Parts,KEEP,water-filters,uv-sterilisation,ultraviolet-water-sterilizer-stainless-steel-unit-55w-2700lph-phillip-lamp,/water-filters/uv-sterilisation/ultraviolet-water-sterilizer-stainless-steel-unit-55w-2700lph-phillip-lamp/,EA-WF-REV-09,not_required,"use:rural-tank-water,use:home-drinking-water",problem:bacteria-and-pathogens,UV water sterilisation,,,,,,,,,,,YES,YES,YES,YES,,,1,2010,,/product/ultraviolet-water-sterilizer-stainless-steel-unit-55w-2700lph-phillip-lamp/
4335,"20"" x 2.5"" Whole House Water Filter Replacement sediment, carbon, GAC Cartridges",simple,79.95,,Fittings & Parts,KEEP,water-filters,whole-house,20-x-2-5-whole-house-water-filter-replacement-sediment-carbon-gac-cartridges,/water-filters/whole-house/20-x-2-5-whole-house-water-filter-replacement-sediment-carbon-gac-cartridges/,EA-WF-WH-05,not_required,"use:whole-home-filtration,use:rural-tank-water","problem:sediment-and-rust,problem:chlorine-and-taste",Whole house filtration system,,,,,,,,,,,YES,YES,YES,YES,,,1,1840,,/product/20-x-2-5-whole-house-water-filter-replacement-sediment-carbon-gac-cartridges/
12600,3 Stages Whole House Water Filter and UV Ultraviolet Sterilization System,simple,1299.95,,Whole House,KEEP,water-filters,whole-house,3-stages-whole-house-water-filter-and-uv-ultraviolet-sterilization-system,/water-filters/whole-house/3-stages-whole-house-water-filter-and-uv-ultraviolet-sterilization-system/,EA-WF-WH-3S-04,not_required,"use:whole-home-filtration,use:rural-tank-water",problem:bacteria-and-pathogens,Whole house filtration system,,,,,,,,,,,YES,,YES,YES,,,4,6679,,/product/3-stages-whole-house-water-filter-and-uv-ultraviolet-sterilization-system/
4233,4 Stages Whole House Water Filter and UV Ultraviolet Sterilization System,simple,1499.95,,Whole House,KEEP,water-filters,whole-house,4-stages-whole-house-water-filter-and-uv-ultraviolet-sterilization-system,/water-filters/whole-house/4-stages-whole-house-water-filter-and-uv-ultraviolet-sterilization-system/,EA-WF-WH-4S,not_required,"use:whole-home-filtration,use:rural-tank-water",problem:bacteria-and-pathogens,Whole house filtration system,,,,,,,,,,,YES,,YES,YES,,,3,6688,,/product/4-stages-whole-house-water-filter-and-uv-ultraviolet-sterilization-system/
4314,Big Blue Whole House Water Filter and UV Ultraviolet Sterilization System,simple,499.95,,Fittings & Parts,KEEP,water-filters,whole-house,big-blue-whole-house-water-filter-and-uv-ultraviolet-sterilization-system,/water-filters/whole-house/big-blue-whole-house-water-filter-and-uv-ultraviolet-sterilization-system/,EA-WF-WH-04,not_required,"use:whole-home-filtration,use:rural-tank-water",problem:bacteria-and-pathogens,Whole house filtration system,,,,,,,,,,,YES,YES,YES,YES,,,1,9027,,/product/big-blue-whole-house-water-filter-and-uv-ultraviolet-sterilization-system/
12509,Deluxe Stainless Steel Lockable Three Stage Big Blue Whole House Water Filter System,simple,1300.0,,Whole House,KEEP,water-filters,whole-house,deluxe-stainless-steel-lockable-three-stage-big-blue-whole-house-water-filter-sy,/water-filters/whole-house/deluxe-stainless-steel-lockable-three-stage-big-blue-whole-house-water-filter-sy/,EA-WF-WH-06,not_required,"use:whole-home-filtration,use:rural-tank-water",problem:sediment-and-rust,Whole house filtration system,,,,,,,,,,,,,YES,YES,,,4,598,,/product/deluxe-stainless-steel-lockable-three-stage-big-blue-whole-house-water-filter-sy/
3644,Premium Three Stage Big Blue Whole House Water Filter System,simple,599.0,20.0,Whole House,KEEP,water-filters,whole-house,premium-three-stage-big-blue-whole-house-water-filter-system,/water-filters/whole-house/premium-three-stage-big-blue-whole-house-water-filter-system/,EA-WF-WH,not_required,"use:whole-home-filtration,use:rural-tank-water",problem:sediment-and-rust,Whole house filtration system,,,,,,,,,,,YES,,YES,YES,,,4,3336,,/product/premium-three-stage-big-blue-whole-house-water-filter-system/
4052,"Twin 20"" x 4.5"" Big Blue Whole House Water Filter Sys BB 2 cartridges Set+Brac",simple,299.95,,Whole House,KEEP,water-filters,whole-house,twin-20-x-4-5-big-blue-whole-house-water-filter-sys-bb-2-cartridges-set-plus-bra,/water-filters/whole-house/twin-20-x-4-5-big-blue-whole-house-water-filter-sys-bb-2-cartridges-set-plus-bra/,EA-WF-WH-02,not_required,"use:whole-home-filtration,use:rural-tank-water",problem:sediment-and-rust,Whole house filtration system,,,,,,,,,,,YES,YES,YES,YES,,,2,1317,,/product/twin-20-x-4-5-big-blue-whole-house-water-filter-sys-bb-2-cartridges-set-plus-bra/
12501,"WM 3 Stages 20"" x 4.5"" Triple Big Blue Whole House Water Filter System",simple,1299.95,,Whole House,KEEP,water-filters,whole-house,wm-3-stages-20-x-4-5-triple-big-blue-whole-house-water-filter-system,/water-filters/whole-house/wm-3-stages-20-x-4-5-triple-big-blue-whole-house-water-filter-system/,EA-WF-WH-3S-03,not_required,"use:whole-home-filtration,use:rural-tank-water",problem:sediment-and-rust,Whole house filtration system, | NOTE: Original is canonical of duplicate group.,,,,,,,,,,,,YES,YES,YES,,6,10109,,/product/wm-3-stages-20-x-4-5-triple-big-blue-whole-house-water-filter-system/
11622,"Whole House Water Filter Replacement Set | 3 Stage | 5 Micron | 20"" x 2.5""",simple,69.95,,Filter Cartridges,KEEP,water-filters,whole-house,whole-house-water-filter-replacement-set-3-stage-5-micron-20-x-2-5,/water-filters/whole-house/whole-house-water-filter-replacement-set-3-stage-5-micron-20-x-2-5/,EA-WF-WH-3S-02,not_required,"use:whole-home-filtration,use:rural-tank-water",problem:sediment-and-rust,Whole house filtration system,,,,,,,,,,,,YES,YES,YES,,,1,1027,,/product/whole-house-water-filter-replacement-set-3-stage-5-micron-20-x-2-5/
11614,"Whole House Water Filter Replacement Set | 3 Stage | 5 Micron | 20"" x 4.5""",simple,149.95,,Filter Cartridges,KEEP,water-filters,whole-house,whole-house-water-filter-replacement-set-3-stage-5-micron-20-x-4-5,/water-filters/whole-house/whole-house-water-filter-replacement-set-3-stage-5-micron-20-x-4-5/,EA-WF-WH-3S,not_required,"use:whole-home-filtration,use:rural-tank-water",problem:sediment-and-rust,Whole house filtration system,,,,,,,,,YES,,,YES,YES,YES,,,1,0,,/product/whole-house-water-filter-replacement-set-3-stage-5-micron-20-x-4-5/
11717,"Whole House Water Filter | 1 Stage | 10"" x 2.5"" | Carbon",simple,64.95,9.0,"Water Filters, Whole House",KEEP,water-filters,whole-house,whole-house-water-filter-1-stage-10-x-2-5-carbon,/water-filters/whole-house/whole-house-water-filter-1-stage-10-x-2-5-carbon/,EA-WF-WH-1S-04,not_required,"use:whole-home-filtration,use:rural-tank-water",problem:chlorine-and-taste,Whole house filtration system,,,,,,,,,,,,YES,YES,YES,,,1,504,,/product/whole-house-water-filter-1-stage-10-x-2-5-carbon/
3552,"Whole House Water Filter | 1 Stage | 10"" x 2.5"" | Sediment",simple,54.95,8.0,"Water Filters, Whole House",KEEP,water-filters,whole-house,whole-house-water-filter-1-stage-10-x-2-5-sediment,/water-filters/whole-house/whole-house-water-filter-1-stage-10-x-2-5-sediment/,EA-WF-WH-1S,not_required,"use:whole-home-filtration,use:rural-tank-water",problem:sediment-and-rust,Whole house filtration system,,,,,,,,,,,,YES,YES,YES,,,1,504,,/product/whole-house-water-filter-1-stage-10-x-2-5-sediment/
11723,"Whole House Water Filter | 1 Stage | 10"" x 4.5"" | Carbon",simple,89.95,19.0,"Water Filters, Whole House",KEEP,water-filters,whole-house,whole-house-water-filter-1-stage-10-x-4-5-carbon,/water-filters/whole-house/whole-house-water-filter-1-stage-10-x-4-5-carbon/,EA-WF-WH-1S-05,not_required,"use:whole-home-filtration,use:rural-tank-water",problem:chlorine-and-taste,Whole house filtration system,,,,,,,,,,,,YES,YES,YES,,,1,504,,/product/whole-house-water-filter-1-stage-10-x-4-5-carbon/
11726,"Whole House Water Filter | 1 Stage | 10"" x 4.5"" | Sediment",simple,79.95,29.0,"Water Filters, Whole House",KEEP,water-filters,whole-house,whole-house-water-filter-1-stage-10-x-4-5-sediment,/water-filters/whole-house/whole-house-water-filter-1-stage-10-x-4-5-sediment/,EA-WF-WH-1S-06,not_required,"use:whole-home-filtration,use:rural-tank-water",problem:sediment-and-rust,Whole house filtration system,,,,,,,,,,,,YES,YES,YES,,,1,504,,/product/whole-house-water-filter-1-stage-10-x-4-5-sediment/
11729,"Whole House Water Filter | 2 Stage | 10"" x 4.5"" | Sediment, Carbon",simple,199.95,10.0,"Water Filters, Whole House",KEEP,water-filters,whole-house,whole-house-water-filter-2-stage-10-x-4-5-sediment-carbon,/water-filters/whole-house/whole-house-water-filter-2-stage-10-x-4-5-sediment-carbon/,EA-WF-WH-2S-02,not_required,"use:whole-home-filtration,use:rural-tank-water","problem:sediment-and-rust,problem:chlorine-and-taste",Whole house filtration system,,,,,,,,,YES,,,YES,YES,YES,,,1,0,,/product/whole-house-water-filter-2-stage-10-x-4-5-sediment-carbon/
11733,"Whole House Water Filter | 2 Stage | 10"" x 4.5"" | Washable, Reusable",simple,199.95,10.0,"Water Filters, Whole House",KEEP,water-filters,whole-house,whole-house-water-filter-2-stage-10-x-4-5-washable-reusable,/water-filters/whole-house/whole-house-water-filter-2-stage-10-x-4-5-washable-reusable/,EA-WF-WH-2S-03,not_required,"use:whole-home-filtration,use:rural-tank-water",problem:sediment-and-rust,Whole house filtration system,,,,,,,,,YES,,,YES,YES,YES,,,1,0,,/product/whole-house-water-filter-2-stage-10-x-4-5-washable-reusable/
3597,Whole House Water Filter | Clear | Carbon | 1 Stage,simple,49.95,,"Water Filters, Whole House",KEEP,water-filters,whole-house,whole-house-water-filter-clear-carbon-1-stage,/water-filters/whole-house/whole-house-water-filter-clear-carbon-1-stage/,EA-WF-WH-1S-03,not_required,"use:whole-home-filtration,use:rural-tank-water",problem:chlorine-and-taste,Whole house filtration system,,,,,,,,,YES,,,YES,YES,YES,,,1,0,,/product/whole-house-water-filter-clear-carbon-1-stage/
3560,Whole House Water Filter | Clear | Sediment | 1 Stage,simple,39.95,,"Water Filters, Whole House",KEEP,water-filters,whole-house,whole-house-water-filter-clear-sediment-1-stage,/water-filters/whole-house/whole-house-water-filter-clear-sediment-1-stage/,EA-WF-WH-1S-02,not_required,"use:whole-home-filtration,use:rural-tank-water",problem:sediment-and-rust,Whole house filtration system,,,,,,,,,YES,,,YES,YES,YES,,,1,0,,/product/whole-house-water-filter-clear-sediment-1-stage/
4069,"Whole House Water Filter | Clear | Sediment, Carbon | 2 Stage",simple,79.95,,Water Filters,KEEP,water-filters,whole-house,whole-house-water-filter-clear-sediment-carbon-2-stage,/water-filters/whole-house/whole-house-water-filter-clear-sediment-carbon-2-stage/,EA-WF-WH-2S,not_required,"use:whole-home-filtration,use:rural-tank-water","problem:sediment-and-rust,problem:chlorine-and-taste",Whole house filtration system,,,,,,,,,YES,,,YES,YES,YES,,,1,0,,/product/whole-house-water-filter-clear-sediment-carbon-2-stage/
4977,3 Way Kitchen Tap for RO Water Filters - Mixer in Shiny Gold,simple,159.95,,Kitchen Taps,REWRITE,plumbing,kitchen-taps,3-way-kitchen-tap-for-ro-water-filters-mixer-in-shiny-gold,/plumbing/kitchen-taps/3-way-kitchen-tap-for-ro-water-filters-mixer-in-shiny-gold/,EA-PLB-KIT-02,unknown,,,Kitchen tap — WaterMark required for mains connection,"WaterMark certificate number REQUIRED. If non-certified, mark not_certified and add off-mains warning.",,,,,,,,,,,YES,YES,YES,,,1,587,129.95,/product/3-way-kitchen-tap-for-ro-water-filters-mixer-in-shiny-gold/
5069,"3 Way Pull Down Spray Tap - Kitchen Mixer in Black, Chrome and Nickel",variable,,,Kitchen Taps,REWRITE,plumbing,kitchen-taps,3-way-pull-down-spray-tap-kitchen-mixer-in-black-chrome-and-nickel,/plumbing/kitchen-taps/3-way-pull-down-spray-tap-kitchen-mixer-in-black-chrome-and-nickel/,EA-PLB-KIT-06,unknown,,,Kitchen tap — WaterMark required for mains connection,"WaterMark certificate number REQUIRED. If non-certified, mark not_certified and add off-mains warning.",,,,,,,,,,,YES,YES,YES,,,1,379,,/product/3-way-pull-down-spray-tap-kitchen-mixer-in-black-chrome-and-nickel/
4603,Bathroom Wall Basin Sink Shower Mixer Tap Faucet Round Chrome Bath Spout WELS,simple,58.5,,"Bathroom Taps, Showers",REWRITE,plumbing,kitchen-taps,bathroom-wall-basin-sink-shower-mixer-tap-faucet-round-chrome-bath-spout-wels,/plumbing/kitchen-taps/bathroom-wall-basin-sink-shower-mixer-tap-faucet-round-chrome-bath-spout-wels/,EA-PLB-BTH,not_certified,use:home-drinking-water,,RO filter tap,WaterMark certificate number REQUIRED if certified,,,,,,,,,,YES,YES,YES,YES,,YES,2,870,,/product/bathroom-wall-basin-sink-shower-mixer-tap-faucet-round-chrome-bath-spout-wels/
5194,Deluxe RO Water Filter Tap - NSF Certified Faucet in Polished Chrome,simple,19.95,,Kitchen Taps,REWRITE,plumbing,kitchen-taps,deluxe-ro-water-filter-tap-nsf-certified-faucet-in-polished-chrome,/plumbing/kitchen-taps/deluxe-ro-water-filter-tap-nsf-certified-faucet-in-polished-chrome/,EA-PLB-REV-06,not_certified,use:home-drinking-water,,RO filter tap,WaterMark certificate number REQUIRED if certified,,,,,,,,,YES,,YES,YES,YES,,,1,220,,/product/deluxe-ro-water-filter-tap-nsf-certified-faucet-in-polished-chrome/
4175,Double-Handle Reverse Osmosis Water Filter Tap – RO Kitchen Faucet in Chrome,simple,34.95,,Kitchen Taps,REWRITE,plumbing,kitchen-taps,double-handle-reverse-osmosis-water-filter-tap-ro-kitchen-faucet-in-chrome,/plumbing/kitchen-taps/double-handle-reverse-osmosis-water-filter-tap-ro-kitchen-faucet-in-chrome/,EA-PLB-KIT,unknown,,,Kitchen tap — WaterMark required for mains connection,"WaterMark certificate number REQUIRED. If non-certified, mark not_certified and add off-mains warning.",,,,,,,,,YES,,YES,YES,YES,,,1,223,,/product/double-handle-reverse-osmosis-water-filter-tap-ro-kitchen-faucet-in-chrome/
4999,Luxurious 3 Way Tap for RO Water Filters - Kitchen Mixer in Black or Nickel,variable,,,Kitchen Taps,REWRITE,plumbing,kitchen-taps,luxurious-3-way-tap-for-ro-water-filters-kitchen-mixer-in-black-or-nickel,/plumbing/kitchen-taps/luxurious-3-way-tap-for-ro-water-filters-kitchen-mixer-in-black-or-nickel/,EA-PLB-KIT-03,unknown,,,Kitchen tap — WaterMark required for mains connection,"WaterMark certificate number REQUIRED. If non-certified, mark not_certified and add off-mains warning.",,,,,,,,,,,YES,YES,YES,,,1,319,,/product/luxurious-3-way-tap-for-ro-water-filters-kitchen-mixer-in-black-or-nickel/
5089,"Premium RO Filter Tap SUS304 - NSF Approved in Black, Nickel and Gold",variable,,,Kitchen Taps,REWRITE,plumbing,kitchen-taps,premium-ro-filter-tap-sus304-nsf-approved-in-black-nickel-and-gold,/plumbing/kitchen-taps/premium-ro-filter-tap-sus304-nsf-approved-in-black-nickel-and-gold/,EA-PLB-REV-05,not_certified,use:home-drinking-water,,RO filter tap,WaterMark certificate number REQUIRED if certified,,,,,,,,,,,YES,YES,YES,,,1,322,,/product/premium-ro-filter-tap-sus304-nsf-approved-in-black-nickel-and-gold/
4173,Premium Water Filter Faucet Tap Reverse Osmosis Drinking RO NSF,simple,59.0,,Kitchen Taps,REWRITE,plumbing,kitchen-taps,premium-water-filter-faucet-tap-reverse-osmosis-drinking-ro-nsf,/plumbing/kitchen-taps/premium-water-filter-faucet-tap-reverse-osmosis-drinking-ro-nsf/,EA-PLB-REV,not_certified,use:home-drinking-water,,RO filter tap,WaterMark certificate number REQUIRED if certified,,,,,,,,YES,,YES,YES,YES,YES,,,1,0,,/product/premium-water-filter-faucet-tap-reverse-osmosis-drinking-ro-nsf/
5059,Pull Down Modern Kitchen Tap - Mixer in Brushed Nickel,simple,129.95,,Kitchen Taps,REWRITE,plumbing,kitchen-taps,pull-down-modern-kitchen-tap-mixer-in-brushed-nickel,/plumbing/kitchen-taps/pull-down-modern-kitchen-tap-mixer-in-brushed-nickel/,EA-PLB-KIT-05,unknown,,,Kitchen tap — WaterMark required for mains connection,"WaterMark certificate number REQUIRED. If non-certified, mark not_certified and add off-mains warning.",,,,,,,,,YES,,YES,YES,YES,,,1,216,,/product/pull-down-modern-kitchen-tap-mixer-in-brushed-nickel/
5102,Pull Down Spray Tap - Kitchen Mixer in Brushed Nickel,simple,99.95,,Kitchen Taps,REWRITE,plumbing,kitchen-taps,pull-down-spray-tap-kitchen-mixer-in-brushed-nickel,/plumbing/kitchen-taps/pull-down-spray-tap-kitchen-mixer-in-brushed-nickel/,EA-PLB-KIT-08,unknown,,,Kitchen tap — WaterMark required for mains connection,"WaterMark certificate number REQUIRED. If non-certified, mark not_certified and add off-mains warning.",,,,,,,,,YES,,YES,YES,YES,,,1,214,,/product/pull-down-spray-tap-kitchen-mixer-in-brushed-nickel/
5012,"Spring Loaded 3 Way RO Tap - Kitchen Mixer in Black, Chrome and Nickel",variable,,,Kitchen Taps,REWRITE,plumbing,kitchen-taps,spring-loaded-3-way-ro-tap-kitchen-mixer-in-black-chrome-and-nickel,/plumbing/kitchen-taps/spring-loaded-3-way-ro-tap-kitchen-mixer-in-black-chrome-and-nickel/,EA-PLB-KIT-04,unknown,,,Kitchen tap — WaterMark required for mains connection,"WaterMark certificate number REQUIRED. If non-certified, mark not_certified and add off-mains warning.",,,,,,,,,,,YES,YES,YES,,,1,432,,/product/spring-loaded-3-way-ro-tap-kitchen-mixer-in-black-chrome-and-nickel/
12265,Tall 29cm Round Basin Mixer Tap in Matte Black or Polished Chrome,variable,,,Bathroom Taps,REWRITE,plumbing,kitchen-taps,tall-29cm-round-basin-mixer-tap-in-matte-black-or-polished-chrome,/plumbing/kitchen-taps/tall-29cm-round-basin-mixer-tap-in-matte-black-or-polished-chrome/,EA-PLB-REV-08,not_certified,use:home-drinking-water,,RO filter tap,WaterMark certificate number REQUIRED if certified,,,,,,,,,,,YES,YES,YES,,,1,1034,,/product/tall-29cm-round-basin-mixer-tap-in-matte-black-or-polished-chrome/
4608,Back to Wall Rimless Dual Flush Ceramic Toilet Suite Soft Close Seat P Trap WELS,simple,265.0,,Toilets,REWRITE,plumbing,toilets,back-to-wall-rimless-dual-flush-ceramic-toilet-suite-soft-close-seat-p-trap-wels,/plumbing/toilets/back-to-wall-rimless-dual-flush-ceramic-toilet-suite-soft-close-seat-p-trap-wels/,EA-PLB-REV-02,unknown,,,Toilet — WaterMark required for sale in AU,"WaterMark certificate number REQUIRED. If supplier cannot provide, CUT this product (legal risk).",,,,,,,,,,YES,YES,YES,YES,,YES,2,853,,/product/back-to-wall-rimless-dual-flush-ceramic-toilet-suite-soft-close-seat-p-trap-wels/
4613,In Wall Concealed Cistern Toilet Rimless floor mount Pan chrome buttons WELS,simple,395.0,,Toilets,REWRITE,plumbing,toilets,in-wall-concealed-cistern-toilet-rimless-floor-mount-pan-chrome-buttons-wels,/plumbing/toilets/in-wall-concealed-cistern-toilet-rimless-floor-mount-pan-chrome-buttons-wels/,EA-PLB-TLT,unknown,,,Toilet — WaterMark required for sale in AU,"WaterMark certificate number REQUIRED. If supplier cannot provide, CUT this product (legal risk).",,,,,,,,,,YES,,YES,YES,,YES,8,729,,/product/in-wall-concealed-cistern-toilet-rimless-floor-mount-pan-chrome-buttons-wels/
4184,"Chemical Dosing Tank with Bunding – Available in 50L, 100L, and 200L",variable,,20.0,Tanks & Bladders,SPLIT,pumps-and-tanks,dosing-tanks,chemical-dosing-tank-with-bunding-available-in-50l-100l-and-200l,/pumps-and-tanks/dosing-tanks/chemical-dosing-tank-with-bunding-available-in-50l-100l-and-200l/,EA-PT-DOSE-50L,not_required,use:commercial-and-cafe,,Dosing tank — split variable into individual SKUs per size + bunding,PRIORITY: Split into separate products by size (50L/100L/200L/300L/500L) and bunding (yes/no). Currently one variable parent.,,,,,,,,,,,,YES,YES,,,4,1339,,/product/chemical-dosing-tank-with-bunding-available-in-50l-100l-and-200l/
3770,COMMERCIAL REVERSE OSMOSIS RO DESALINATION PLANTL RO 3000 LPD / 800 GPD,simple,1180.0,,"Water Filters, Whole House",MERGE,water-filters,commercial,commercial-reverse-osmosis-ro-desalination-plantl-ro-3000-lpd-800-gpd,/water-filters/commercial/commercial-reverse-osmosis-ro-desalination-plantl-ro-3000-lpd-800-gpd/,EA-WF-RO-12,not_required,use:commercial-and-cafe,"problem:fluoride-removal,problem:bacteria-and-pathogens","Commercial RO — keep canonical, merge duplicates","Review duplicates: 500LPH variant, 1500 LPD, two near-identical 3000 LPD listings — keep one canonical 3000 LPD",,,,,,,,,,YES,YES,YES,YES,,,2,1831,,/product/commercial-reverse-osmosis-ro-desalination-plantl-ro-3000-lpd-800-gpd/
12607,"WM 3 Stages 20"" x 4.5"" Triple Big Blue Whole House Water Filter System",simple,1199.95,,Whole House,MERGE,water-filters,whole-house,wm-3-stages-20-x-4-5-triple-big-blue-whole-house-water-filter-system,/water-filters/whole-house/wm-3-stages-20-x-4-5-triple-big-blue-whole-house-water-filter-system/,EA-WF-WH-3S-05,not_required,"use:whole-home-filtration,use:rural-tank-water",problem:sediment-and-rust,Whole house filtration system,"Duplicate of row #182 (WM 3 Stages 20"" x 4.5"" Triple Big Blue Whole House). MERGE — pick best images/description, then delete this product.",,,,,,,,,,YES,,YES,YES,,,3,16228,,/product/wm-3-stages-20-x-4-5-triple-big-blue-whole-house-water-filter-system/
4598,115mm Square Tile Insert 100mm Waste Outlet Floor Drain Shower Grate,simple,52.95,,Showers,CUT,,,,,,,,,Generic plumbing — out of scope,,,,,,,,,,,YES,YES,YES,YES,,,2,760,,/product/115mm-square-tile-insert-100mm-waste-outlet-floor-drain-shower-grate/
4121,"3 Speed Hot Water Circulator Boiler Pump Switch Heating Sys 1"" male/1.5"" female",simple,59.95,,Water Pumps,CUT,,,,,,,,,HVAC circulator pump — not water-systems,,,,,,,,,YES,,YES,YES,YES,YES,,,1,0,,/product/3-speed-hot-water-circulator-boiler-pump-switch-heating-sys-1-male-1-5-female/
4082,4 Stage RODI In line Water Filter Replacement Set with RO Membrane Aquarium fish,simple,64.95,,Fittings & Parts,CUT,,,,,,,,,Aquarium-specific — wrong audience,,,,,,,,,,,YES,YES,YES,YES,,,1,519,,/product/4-stage-rodi-in-line-water-filter-replacement-set-with-ro-membrane-aquarium-fish/
4018,8L Vertical Solar System Water Pressure Tank Expantion Tank /2.13 Gallons,simple,50.0,,Tanks & Bladders,CUT,,,,,,,,,"8L solar tank — too narrow, low value",,,,,,,,,,,YES,YES,YES,YES,,,1,673,,/product/8l-vertical-solar-system-water-pressure-tank-expantion-tank-2-13-gallons/
5165,"Aquarium Fish Tank Carbon - Activated Carbon Filter - 500g, 1KG, 2KG, 3KG, 5KG, 25KG",variable,,,Filter Cartridges,CUT,,,,,,,,,Aquarium-specific — wrong audience,,,,,,,,,,,,YES,YES,YES,,,1,395,,/product/aquarium-fish-tank-carbon-activated-carbon-filter-500g-1kg-2kg-3kg-5kg-25kg/
4668,Bathroom Sink Pop-Up Waste with Overflow – Polished Chrome Finish,simple,19.95,,Bathroom Accessories,CUT,,,,,,,,,Decorative bathroom hardware,,,,,,,,,,,,YES,YES,YES,,,1,600,,/product/bathroom-sink-pop-up-waste-with-overflow-polished-chrome-finish/
4673,Ceramic Counter Top Wash Sink Rectangle Glossy White 50 cm Washbasin Bathroom,simple,129.0,,Basins,CUT,,,,,,,,,Basin — out of scope,,,,,,,,,,,YES,YES,YES,YES,,,1,2704,,/product/ceramic-counter-top-wash-sink-rectangle-glossy-white-50-cm-washbasin-bathroom/
4677,Counter top basin High Quality Modern Luxury CE Sink Simple Single Hand Wash Art,simple,119.0,,Basins,CUT,,,,,,,,,Basin — out of scope,,,,,,,,,,,YES,YES,YES,YES,,,1,744,,/product/counter-top-basin-high-quality-modern-luxury-ce-sink-simple-single-hand-wash-art/
3438,Digital Meter TDS Tester Aquarium Pool SPA Hydroponic Water Monitor DA,simple,24.95,10.0,Fittings & Parts,CUT,,,,,,,,,Aquarium-specific — wrong audience,,,,,,,,,,YES,YES,,YES,YES,,,4,145,,/product/digital-meter-tds-tester-aquarium-pool-spa-hydroponic-water-monitor-da/
3429,Digital PH Meter + TDS Tester Analysis Monitor for Aquarium Pool R1BO,simple,144.95,4.0,Fittings & Parts,CUT,,,,,,,,,Aquarium-specific — wrong audience,,,,,,,,,,YES,YES,,YES,YES,,,3,144,,/product/digital-ph-meter-plus-tds-tester-analysis-monitor-for-aquarium-pool-r1bo/
4683,Good Quality Rectangle Vitreous Vessel Bathroom Sink White,simple,145.0,,Basins,CUT,,,,,,,,,Basin — out of scope,,,,,,,,,,,YES,YES,YES,YES,,,1,2625,,/product/good-quality-rectangle-vitreous-vessel-bathroom-sink-white/
4115,ID 8mm 5M Plastic Clear PVC Hose Pipe Tube Air Water Food Home Washer,simple,24.95,,Fittings & Parts,CUT,,,,,,,,,Generic non-water-systems hose,,,,,,,,,,,YES,YES,YES,YES,,,1,707,,/product/id-8mm-5m-plastic-clear-pvc-hose-pipe-tube-air-water-food-home-washer/
4590,Smart LED Bathroom Mirror - Circle,simple,99.95,,Mirrors,CUT,,,,,,,,,Mirror — out of scope,,,,,,,,,YES,,,YES,YES,YES,,,1,0,,/product/smart-led-bathroom-mirror-circle/
4583,Smart LED Bathroom Mirror - Oval,variable,,,Mirrors,CUT,,,,,,,,,Mirror — out of scope,,,,,,,,,YES,,,YES,YES,YES,,,2,0,,/product/smart-led-bathroom-mirror-oval/
4647,Vanity cabinet + Stone Basin Top PVC White (Tap Drainage Not Inc) 1200 mm F.S,simple,835.0,,Cabinets,CUT,,,,,,,,,Cabinet — out of scope,,,,,,,,,,,YES,,YES,YES,,,3,537,,/product/vanity-cabinet-plus-stone-basin-top-pvc-white-tap-drainage-not-inc-1200-mm-f-s/
4654,Vanity cabinet + Stone Basin Top PVC White (Tap Drainage Not Inc) 1200 mm F.S,simple,795.0,,Cabinets,CUT,,,,,,,,,Cabinet — out of scope,,,,,,,,,,,YES,,YES,YES,,,7,536,,/product/vanity-cabinet-plus-stone-basin-top-pvc-white-tap-drainage-not-inc-1200-mm-f-s/
4663,Vanity cabinet+ceramic Basin Top Whit Finish PVC (Tap Drainage Not Inc) 60cm F.S,simple,399.0,,Cabinets,CUT,,,,,,,,,Cabinet — out of scope,,,,,,,,,,,YES,YES,YES,YES,,,2,577,,/product/vanity-cabinet-plus-ceramic-basin-top-whit-finish-pvc-tap-drainage-not-inc-60cm/
12297,Wall-Mounted Round Towel Ring in Polished Chrome,simple,39.95,,Bathroom Accessories,CUT,,,,,,,,,Decorative bathroom hardware,,,,,,,,,,,,YES,YES,YES,,,1,1047,,/product/wall-mounted-round-towel-ring-in-polished-chrome/
12300,Wall-Mounted Toilet Paper Holder with Cover in Polished Chrome,simple,44.95,,Bathroom Accessories,CUT,,,,,,,,,Decorative bathroom hardware,,,,,,,,,,,,YES,YES,YES,,,1,976,,/product/wall-mounted-toilet-paper-holder-with-cover-in-polished-chrome/
12303,Wall-Mounted Towel & Robe Hook in Polished Chrome,simple,29.95,,Bathroom Accessories,CUT,,,,,,,,,Decorative bathroom hardware,,,,,,,,,,,,YES,YES,YES,,,1,1042,,/product/wall-mounted-towel-and-robe-hook-in-polished-chrome/
