clean_url,clicks,impressions,type,priority,suggested_redirect
https://enviroaqua.com.au/,487,31439,homepage,critical,KEEP — map to new homepage /
https://enviroaqua.com.au/product/12v-self-priming-garden-caravan-electric-water-pump-faucet-tap-kit-5m-pipe/,156,21351,product,critical,301 → /products/12v-self-priming-garden-caravan-electric-water-pump-faucet-tap-kit-5m-pipe (Shopify standard)
https://enviroaqua.com.au/product/100l-chemical-dosing-tank-water-tank-poly-tank-and-bund/,123,14462,product,critical,301 → /products/100l-chemical-dosing-tank-water-tank-poly-tank-and-bund (Shopify standard)
https://enviroaqua.com.au/product/rimless-watermark-back-to-wall-toilet-soft-close-wels/,121,10024,product,critical,301 → /products/rimless-watermark-back-to-wall-toilet-soft-close-wels (Shopify standard)
https://enviroaqua.com.au/product/typ-4000-bypass-pressure-adjustable-diaphragm-booster-pump-24-vdc-400gpd/,109,1254,product,critical,301 → /products/typ-4000-bypass-pressure-adjustable-diaphragm-booster-pump-24-vdc-400gpd (Shopify standard)
https://enviroaqua.com.au/product-category/water-filters/,63,5136,product-category,critical,301 → /collections/water-filters
https://enviroaqua.com.au/product/uv-water-filter-ultraviolet-sterilisation-0-5-1-gpm-6w-12vdc/,44,15259,product,critical,301 → /products/uv-water-filter-ultraviolet-sterilisation-0-5-1-gpm-6w-12vdc (Shopify standard)
https://enviroaqua.com.au/product/3-way-pull-down-spray-tap-kitchen-mixer-in-black-chrome-and-nickel/,33,1217,product,critical,301 → /products/3-way-pull-down-spray-tap-kitchen-mixer-in-black-chrome-and-nickel (Shopify standard)
https://enviroaqua.com.au/shop/,30,5664,shop archive,medium,301 → /collections/all
https://enviroaqua.com.au/showroom/,30,2299,top-level page (landing/info),high,301 → /pages/showroom on new site
https://enviroaqua.com.au/product/shower-filter-15-stages-includes-extra-cartridge/,28,4132,product,critical,301 → /products/shower-filter-15-stages-includes-extra-cartridge (Shopify standard)
https://enviroaqua.com.au/product/drinking-fountain-tap-for-bubbler-cooler-chrome-tap-faucet/,24,2029,product,critical,301 → /products/drinking-fountain-tap-for-bubbler-cooler-chrome-tap-faucet (Shopify standard)
https://enviroaqua.com.au/product/1-inch-flexible-stainless-steel-hose-for-pressure-tank/,22,4401,product,critical,301 → /products/1-inch-flexible-stainless-steel-hose-for-pressure-tank (Shopify standard)
https://enviroaqua.com.au/product-category/fittings-parts/,22,2874,product-category,critical,301 → /collections/fittings-parts
https://enviroaqua.com.au/product/hot-cold-water-cooler-direct-connect/,20,6466,product,critical,301 → /products/hot-cold-water-cooler-direct-connect (Shopify standard)
https://enviroaqua.com.au/product-category/filter-cartridges/,20,4539,product-category,critical,301 → /collections/filter-cartridges
https://enviroaqua.com.au/product/aquarium-fish-tank-carbon-activated-carbon-filter-500g-1kg-2kg-3kg-5kg-25kg/,19,3633,product,critical,301 → /products/aquarium-fish-tank-carbon-activated-carbon-filter-500g-1kg-2kg-3kg-5kg-25kg (Shopify standard)
https://enviroaqua.com.au/product/diaphragm-booster-pump-ro-water-pump-24vdc-1100ml-min/,18,6121,product,critical,301 → /products/diaphragm-booster-pump-ro-water-pump-24vdc-1100ml-min (Shopify standard)
https://enviroaqua.com.au/product-category/whole-house/,18,2777,product-category,critical,301 → /collections/whole-house
https://enviroaqua.com.au/product/premium-ro-filter-tap-sus304-nsf-approved-in-black-nickel-and-gold/,18,523,product,critical,301 → /products/premium-ro-filter-tap-sus304-nsf-approved-in-black-nickel-and-gold (Shopify standard)
https://enviroaqua.com.au/product-category/kitchen-taps/,15,8254,product-category,critical,301 → /collections/kitchen-taps
https://enviroaqua.com.au/product/inline-water-filter-t33-activated-post-carbon-5-micron-10x2/,15,1404,product,critical,301 → /products/inline-water-filter-t33-activated-post-carbon-5-micron-10x2 (Shopify standard)
https://enviroaqua.com.au/product/commercial-stainless-steel-filtered-cold-water-bubbler-square/,14,1810,product,critical,301 → /products/commercial-stainless-steel-filtered-cold-water-bubbler-square (Shopify standard)
https://enviroaqua.com.au/product/ro-water-filter-24v-dc-diaphragm-pump-reverse-osmosis-pressure-booster-pump/,14,1202,product,critical,301 → /products/ro-water-filter-24v-dc-diaphragm-pump-reverse-osmosis-pressure-booster-pump (Shopify standard)
https://enviroaqua.com.au/product/water-pressure-reducing-valve-with-quick-connect-fitting-1-4-6mm-tube/,13,5146,product,critical,301 → /products/water-pressure-reducing-valve-with-quick-connect-fitting-1-4-6mm-tube (Shopify standard)
https://enviroaqua.com.au/product/big-blue-whole-house-water-filter-and-uv-ultraviolet-sterilization-system/,13,2996,product,critical,301 → /products/big-blue-whole-house-water-filter-and-uv-ultraviolet-sterilization-system (Shopify standard)
https://enviroaqua.com.au/product/twin-pair-of-water-filter-cartridges-carbon-cto-sediment-pp-10-x-2-5/,13,677,product,critical,301 → /products/twin-pair-of-water-filter-cartridges-carbon-cto-sediment-pp-10-x-2-5 (Shopify standard)
https://enviroaqua.com.au/product/vessel-tank-12-5l-short-tank1-25mm-ports-suitable-for-twin-tanks/,13,105,product,critical,301 → /products/vessel-tank-12-5l-short-tank1-25mm-ports-suitable-for-twin-tanks (Shopify standard)
https://enviroaqua.com.au/product/under-sink-water-filter-6-stage-reverse-osmosis-system/,12,17639,product,critical,301 → /products/under-sink-water-filter-6-stage-reverse-osmosis-system (Shopify standard)
https://enviroaqua.com.au/product-category/bubblers-coolers/,12,5621,product-category,critical,301 → /collections/bubblers-coolers
https://enviroaqua.com.au/product/tap-thread-adaptor-suitable-for-countertop-systems-22mm-to-24mm/,12,498,product,critical,301 → /products/tap-thread-adaptor-suitable-for-countertop-systems-22mm-to-24mm (Shopify standard)
https://enviroaqua.com.au/product/uv-water-filter-ultraviolet-sterilisation-0-5-1-gpm-6w-220v/,11,9408,product,critical,301 → /products/uv-water-filter-ultraviolet-sterilisation-0-5-1-gpm-6w-220v (Shopify standard)
https://enviroaqua.com.au/product/inline-water-filter-fluoride-removal-10x2/,11,7254,product,critical,301 → /products/inline-water-filter-fluoride-removal-10x2 (Shopify standard)
https://enviroaqua.com.au/product/ultraviolet-water-sterilizer-stainless-steel-unit-55w-2700lph-phillip-lamp/,11,2683,product,critical,301 → /products/ultraviolet-water-sterilizer-stainless-steel-unit-55w-2700lph-phillip-lamp (Shopify standard)
https://enviroaqua.com.au/product/ultraviolet-water-sterilizer-stainless-steel-unit-40w-2700lph-full-set-4-pins/,11,2311,product,critical,301 → /products/ultraviolet-water-sterilizer-stainless-steel-unit-40w-2700lph-full-set-4-pins (Shopify standard)
https://enviroaqua.com.au/product/spring-loaded-3-way-tap-kitchen-mixer-in-black-chrome-nickel/,11,1837,product,critical,301 → /products/spring-loaded-3-way-tap-kitchen-mixer-in-black-chrome-nickel (Shopify standard)
https://enviroaqua.com.au/product/commercial-reverse-osmosis-ro-3000-lpd-800-gpd-with-pressure-tank/,11,947,product,critical,301 → /products/commercial-reverse-osmosis-ro-3000-lpd-800-gpd-with-pressure-tank (Shopify standard)
https://enviroaqua.com.au/product/whole-house-water-filter-1-stage-20x4-5-inch-washable-reusable/,11,242,product,critical,301 → /products/whole-house-water-filter-1-stage-20x4-5-inch-washable-reusable (Shopify standard)
https://enviroaqua.com.au/product-category/water-pumps/,10,3197,product-category,critical,301 → /collections/water-pumps
https://enviroaqua.com.au/product/commercial-stainless-steel-filtered-cold-water-bubbler-circular/,10,941,product,critical,301 → /products/commercial-stainless-steel-filtered-cold-water-bubbler-circular (Shopify standard)
https://enviroaqua.com.au/bathroom/product/toilet-rimless-modern-watermark-ceramic-p-trap-commode-modern-2piece-toilet-wels/,10,677,bathroom-product (duplicate canonical),critical,301 → canonical /products/<slug> on new site
https://enviroaqua.com.au/product/reusable-100-micron-strainer-water-filter-washable-filter-sediment-10x2-5/,10,421,product,critical,301 → /products/reusable-100-micron-strainer-water-filter-washable-filter-sediment-10x2-5 (Shopify standard)
https://enviroaqua.com.au/product/premium-water-filter-faucet-tap-reverse-osmosis-drinking-ro-nsf/,9,1698,product,critical,301 → /products/premium-water-filter-faucet-tap-reverse-osmosis-drinking-ro-nsf (Shopify standard)
https://enviroaqua.com.au/product/spring-loaded-tap-kitchen-mixer-in-brushed-nickel/,9,565,product,critical,301 → /products/spring-loaded-tap-kitchen-mixer-in-brushed-nickel (Shopify standard)
https://enviroaqua.com.au/product/vessel-tank-12-5l-short-tank/,9,123,product,critical,301 → /products/vessel-tank-12-5l-short-tank (Shopify standard)
https://enviroaqua.com.au/product/whole-house-water-filter-1-stage-20x4-5-inch-sediment/,9,115,product,critical,301 → /products/whole-house-water-filter-1-stage-20x4-5-inch-sediment (Shopify standard)
https://enviroaqua.com.au/product/4-stages-whole-house-water-filter-and-uv-ultraviolet-sterilization-system-40w/,8,6410,product,critical,301 → /products/4-stages-whole-house-water-filter-and-uv-ultraviolet-sterilization-system-40w (Shopify standard)
https://enviroaqua.com.au/product/uv-water-filter-ultraviolet-sterilisation-2700lph-55w-220v-240v/,8,5557,product,critical,301 → /products/uv-water-filter-ultraviolet-sterilisation-2700lph-55w-220v-240v (Shopify standard)
https://enviroaqua.com.au/product/double-water-filter-tap/,8,1689,product,critical,301 → /products/double-water-filter-tap (Shopify standard)
https://enviroaqua.com.au/product/dc12v-180w-submersible-solar-power-water-well-pump-garden-farm-ranch-23ft-lift/,8,1632,product,critical,301 → /products/dc12v-180w-submersible-solar-power-water-well-pump-garden-farm-ranch-23ft-lift (Shopify standard)
https://enviroaqua.com.au/product/single-phase-submersible-clean-water-pump-370w-lift-10m/,8,1166,product,critical,301 → /products/single-phase-submersible-clean-water-pump-370w-lift-10m (Shopify standard)
https://enviroaqua.com.au/product/bladder-for-8l-pressure-water-tank-drinking-water-compatible-made-in-italy/,8,1129,product,critical,301 → /products/bladder-for-8l-pressure-water-tank-drinking-water-compatible-made-in-italy (Shopify standard)
https://enviroaqua.com.au/product/plastic-opening-handle-spanner-wrench-for-10x2-5water-filter-housing-universal/,8,891,product,critical,301 → /products/plastic-opening-handle-spanner-wrench-for-10x2-5water-filter-housing-universal (Shopify standard)
https://enviroaqua.com.au/bunded-chemical-tank-australia-regulations-compliance/,8,753,top-level page (landing/info),high,301 → /pages/bunded-chemical-tank-australia-regulations-compliance on new site
https://enviroaqua.com.au/product/under-sink-water-filter-4-stage-reverse-osmosis-system/,7,5497,product,critical,301 → /products/under-sink-water-filter-4-stage-reverse-osmosis-system (Shopify standard)
https://enviroaqua.com.au/product/commercial-reverse-osmosis-ro-1500-lpd-400gpd/,7,4184,product,critical,301 → /products/commercial-reverse-osmosis-ro-1500-lpd-400gpd (Shopify standard)
https://enviroaqua.com.au/product/premium-three-stage-big-blue-whole-house-water-filter-system/,7,2978,product,critical,301 → /products/premium-three-stage-big-blue-whole-house-water-filter-system (Shopify standard)
https://enviroaqua.com.au/product/standard-10-x-2-5-water-filter-standard-water-filter-housing-white-universal/,7,1272,product,critical,301 → /products/standard-10-x-2-5-water-filter-standard-water-filter-housing-white-universal (Shopify standard)
https://enviroaqua.com.au/product/commercial-reverse-osmosis-ro-3000-lpd-800-gpd/,7,904,product,critical,301 → /products/commercial-reverse-osmosis-ro-3000-lpd-800-gpd (Shopify standard)
https://enviroaqua.com.au/product/rimless-watermark-wash-down-toilet-soft-close-wels-central-coast/,7,540,product,critical,301 → /products/rimless-watermark-wash-down-toilet-soft-close-wels-central-coast (Shopify standard)
https://enviroaqua.com.au/our-contacts/,7,460,top-level page (landing/info),high,301 → /pages/our-contacts on new site
https://enviroaqua.com.au/product/commercial-rust-free-filtered-cold-water-bubbler/,6,2786,product,critical,301 → /products/commercial-rust-free-filtered-cold-water-bubbler (Shopify standard)
https://enviroaqua.com.au/product/bench-top-water-filter-sediment-1-stage/,6,1414,product,critical,301 → /products/bench-top-water-filter-sediment-1-stage (Shopify standard)
https://enviroaqua.com.au/bathroom/product/rimless-toilet-suite-back-to-wall-faced-close-soft-close-seat-back-inlet-wels/,6,1005,bathroom-product (duplicate canonical),critical,301 → canonical /products/<slug> on new site
https://enviroaqua.com.au/bathroom/product/toilet-rimless-modern-watermark-ceramic-p-trap-commode-modern-2piece-toilet-wels-2/,6,896,bathroom-product (duplicate canonical),critical,301 → canonical /products/<slug> on new site
https://enviroaqua.com.au/product/water-filter-tube-high-pressure-nsf-pipe-1-4-inch-6mm-lldpe/,6,841,product,critical,301 → /products/water-filter-tube-high-pressure-nsf-pipe-1-4-inch-6mm-lldpe (Shopify standard)
https://enviroaqua.com.au/product/toilet-rimless-modern-watermark-ceramic-p-trap-commode-modern-2piece-toilet-wels/,6,605,product,critical,301 → /products/toilet-rimless-modern-watermark-ceramic-p-trap-commode-modern-2piece-toilet-wels (Shopify standard)
https://enviroaqua.com.au/product/12v-uv-water-sterilizer-filter/,6,484,product,critical,301 → /products/12v-uv-water-sterilizer-filter (Shopify standard)
https://enviroaqua.com.au/promotions/,6,459,top-level page (landing/info),high,301 → /pages/promotions on new site
https://enviroaqua.com.au/product/3-8-quick-od-50psi-pressure-limiting-protection-dual-check-valve-water-filter/,6,422,product,critical,301 → /products/3-8-quick-od-50psi-pressure-limiting-protection-dual-check-valve-water-filter (Shopify standard)
https://enviroaqua.com.au/product/diverter-valve-tap-rubber-connector-adapter-to-fit-benchtop-to-old-taps/,6,339,product,critical,301 → /products/diverter-valve-tap-rubber-connector-adapter-to-fit-benchtop-to-old-taps (Shopify standard)
https://enviroaqua.com.au/product/inline-uf-ultrafiltration-filter-cartridge/,6,238,product,critical,301 → /products/inline-uf-ultrafiltration-filter-cartridge (Shopify standard)
https://enviroaqua.com.au/product/water-pressure-tank-vessel-50l-steel-drinking-water-compatible-bladder-almond/,6,201,product,critical,301 → /products/water-pressure-tank-vessel-50l-steel-drinking-water-compatible-bladder-almond (Shopify standard)
https://enviroaqua.com.au/product/inline-water-filter-alkaline-ph-neutralising-10-x-2/,5,3522,product,critical,301 → /products/inline-water-filter-alkaline-ph-neutralising-10-x-2 (Shopify standard)
https://enviroaqua.com.au/product/id-8mm-5m-plastic-clear-pvc-hose-pipe-tube-air-water-food-home-washer/,5,2371,product,critical,301 → /products/id-8mm-5m-plastic-clear-pvc-hose-pipe-tube-air-water-food-home-washer (Shopify standard)
https://enviroaqua.com.au/product/whole-house-water-filter-clear-sediment-1-stage/,5,1641,product,critical,301 → /products/whole-house-water-filter-clear-sediment-1-stage (Shopify standard)
https://enviroaqua.com.au/product/3-way-filtered-kitchen-mixer-tap-black-nickel-gold-chrome/,5,1636,product,critical,301 → /products/3-way-filtered-kitchen-mixer-tap-black-nickel-gold-chrome (Shopify standard)
https://enviroaqua.com.au/product/gooseneck-kitchen-mixer-tap-polished-chrome/,5,1576,product,critical,301 → /products/gooseneck-kitchen-mixer-tap-polished-chrome (Shopify standard)
https://enviroaqua.com.au/product/bench-top-water-filter-sediment-carbon-2-stage/,5,842,product,critical,301 → /products/bench-top-water-filter-sediment-carbon-2-stage (Shopify standard)
https://enviroaqua.com.au/product/water-filter-tube-high-pressure-nsf-pipe-3-4-lldpe/,5,558,product,critical,301 → /products/water-filter-tube-high-pressure-nsf-pipe-3-4-lldpe (Shopify standard)
https://enviroaqua.com.au/product/washable-reusable-water-filter-pleated-5-micron-10x4-5/,5,440,product,critical,301 → /products/washable-reusable-water-filter-pleated-5-micron-10x4-5 (Shopify standard)
https://enviroaqua.com.au/product/24v-low-pressure-switch-for-pump-ro-water-fitlers-with-quick-connect/,5,193,product,critical,301 → /products/24v-low-pressure-switch-for-pump-ro-water-fitlers-with-quick-connect (Shopify standard)
https://enviroaqua.com.au/chemical-dosing-tank-bore-water-treatment-australia/,5,106,top-level page (landing/info),high,301 → /pages/chemical-dosing-tank-bore-water-treatment-australia on new site
https://enviroaqua.com.au/product/30-pics-3-8-locking-clips-clamps-for-reverse-osmosis-water-filter-fittings-6mm-3/,5,90,product,critical,301 → /products/30-pics-3-8-locking-clips-clamps-for-reverse-osmosis-water-filter-fittings-6mm-3 (Shopify standard)
https://enviroaqua.com.au/author/steve/,5,69,author archive,low,301 → homepage or 410 Gone
https://enviroaqua.com.au/product/20-x-4-5-whole-house-rain-tank-water-filter-system-5mic-sediment-steel-bracket/,5,63,product,critical,301 → /products/20-x-4-5-whole-house-rain-tank-water-filter-system-5mic-sediment-steel-bracket (Shopify standard)
https://enviroaqua.com.au/product/complete-bathroom-package-2c-polished-chrome-watermark-certified-wels-rated/,5,52,product,critical,301 → /products/complete-bathroom-package-2c-polished-chrome-watermark-certified-wels-rated (Shopify standard)
https://enviroaqua.com.au/product/under-sink-water-filter-5-stage-reverse-osmosis-system/,4,12279,product,critical,301 → /products/under-sink-water-filter-5-stage-reverse-osmosis-system (Shopify standard)
https://enviroaqua.com.au/product-category/tanks-bladders/,4,2301,product-category,critical,301 → /collections/tanks-bladders
https://enviroaqua.com.au/product/whole-house-water-filter-clear-carbon-1-stage/,4,742,product,critical,301 → /products/whole-house-water-filter-clear-carbon-1-stage (Shopify standard)
https://enviroaqua.com.au/water-filters-central-coast-nsw/,4,605,top-level page (landing/info),high,301 → /pages/water-filters-central-coast-nsw on new site
https://enviroaqua.com.au/best-whole-house-water-filter-australia-2026/,4,507,top-level page (landing/info),high,301 → /pages/best-whole-house-water-filter-australia-2026 on new site
https://enviroaqua.com.au/product-category/toilets/,4,460,product-category,critical,301 → /collections/toilets
https://enviroaqua.com.au/product/in-wall-concealed-cistern-toilet-rimless-floor-mount-pan-chrome-buttons-wels/,4,393,product,critical,301 → /products/in-wall-concealed-cistern-toilet-rimless-floor-mount-pan-chrome-buttons-wels (Shopify standard)
https://enviroaqua.com.au/product/whole-house-water-filter-clear-sediment-carbon-2-stage/,4,312,product,critical,301 → /products/whole-house-water-filter-clear-sediment-carbon-2-stage (Shopify standard)
https://enviroaqua.com.au/product/under-sink-water-filter-2-stage-sediment-carbon/,4,279,product,critical,301 → /products/under-sink-water-filter-2-stage-sediment-carbon (Shopify standard)
https://enviroaqua.com.au/product/twin-20-x-4-5-big-blue-whole-house-water-filter-system-2-stage-bb-bracketca/,4,239,product,critical,301 → /products/twin-20-x-4-5-big-blue-whole-house-water-filter-system-2-stage-bb-bracketca (Shopify standard)
https://enviroaqua.com.au/product/water-filter-tube-high-pressure-nsf-pipe-1-4-inch-lldpe/,4,210,product,critical,301 → /products/water-filter-tube-high-pressure-nsf-pipe-1-4-inch-lldpe (Shopify standard)
https://enviroaqua.com.au/product/100l-vertical-solar-system-water-pressure-tank-expansion-tank-with-legs/,4,187,product,critical,301 → /products/100l-vertical-solar-system-water-pressure-tank-expansion-tank-with-legs (Shopify standard)
https://enviroaqua.com.au/product/1-4-tank-ball-valve-quick-connect-aquarium-ro-water-pressure-tank-switch/,4,134,product,critical,301 → /products/1-4-tank-ball-valve-quick-connect-aquarium-ro-water-pressure-tank-switch (Shopify standard)
https://enviroaqua.com.au/product/reverse-osmosis-ro-residential-1-4-drain-clamp-2/,4,101,product,critical,301 → /products/reverse-osmosis-ro-residential-1-4-drain-clamp-2 (Shopify standard)
https://enviroaqua.com.au/product/whole-house-water-filter-2-stage-10x4-5-inch-washable-reusable/,4,97,product,critical,301 → /products/whole-house-water-filter-2-stage-10x4-5-inch-washable-reusable (Shopify standard)
https://enviroaqua.com.au/product/3-speed-hot-water-circulator-boiler-pump-switch-heating-sys-1-male-1-5-female/,3,2339,product,critical,301 → /products/3-speed-hot-water-circulator-boiler-pump-switch-heating-sys-1-male-1-5-female (Shopify standard)
https://enviroaqua.com.au/product/polypropylene-sediment-water-filter-pp-5-micron-10x4-5/,3,1604,product,critical,301 → /products/polypropylene-sediment-water-filter-pp-5-micron-10x4-5 (Shopify standard)
https://enviroaqua.com.au/bathroom/product/rimless-toilet-suite-back-to-wall-faced-close-soft-close-seat-back-inlet-wels-2/,3,1085,bathroom-product (duplicate canonical),critical,301 → canonical /products/<slug> on new site
https://enviroaqua.com.au/product/inline-shutoff-ball-valve-push-fit-quick-connect-1-4-inch/,3,675,product,critical,301 → /products/inline-shutoff-ball-valve-push-fit-quick-connect-1-4-inch (Shopify standard)
https://enviroaqua.com.au/product/12v-self-priming-water-pump-kit-with-tap-pipe-and-12l-tank/,3,532,product,critical,301 → /products/12v-self-priming-water-pump-kit-with-tap-pipe-and-12l-tank (Shopify standard)
https://enviroaqua.com.au/product/3-way-kitchen-tap-ro-water-filters-mixer-shiny-gold/,3,467,product,critical,301 → /products/3-way-kitchen-tap-ro-water-filters-mixer-shiny-gold (Shopify standard)
https://enviroaqua.com.au/bathroom/product/vanity-cabinetceramic-basin-top-wood-wall-mount-pvc-800mmtap-drainage-not-inc/,3,449,bathroom-product (duplicate canonical),critical,301 → canonical /products/<slug> on new site
https://enviroaqua.com.au/product/whole-house-water-filter-2-stage-10x4-5-inch-sediment-carbon/,3,134,product,critical,301 → /products/whole-house-water-filter-2-stage-10x4-5-inch-sediment-carbon (Shopify standard)
https://enviroaqua.com.au/product/premium-three-stage-big-blue-whole-house-water-filter-system-stainless/,3,55,product,critical,301 → /products/premium-three-stage-big-blue-whole-house-water-filter-system-stainless (Shopify standard)
https://enviroaqua.com.au/product-category/fittings-parts/page/4/,3,23,product-category,critical,301 → /collections/fittings-parts
https://enviroaqua.com.au/product-category/installation-packages/,3,19,product-category,critical,301 → /collections/installation-packages
https://enviroaqua.com.au/bathroom/product/brass-durable-kitchen-mixer-tap-360-swivel-sink-faucet-taps-chrome-wels/,2,2367,bathroom-product (duplicate canonical),critical,301 → canonical /products/<slug> on new site
https://enviroaqua.com.au/bathroom/product/115mm-square-tile-insert-100mm-waste-outlet-floor-drain-shower-grate/,2,2116,bathroom-product (duplicate canonical),critical,301 → canonical /products/<slug> on new site
https://enviroaqua.com.au/bathroom/product/brass-kitchen-mixer-tap-long-swivel-spout-laundry-faucet-sink-taps-chrome-durabl-2/,2,2026,bathroom-product (duplicate canonical),critical,301 → canonical /products/<slug> on new site
https://enviroaqua.com.au/product/granular-activated-carbon-water-filter-gac-5-micron-20x4-5/,2,1973,product,critical,301 → /products/granular-activated-carbon-water-filter-gac-5-micron-20x4-5 (Shopify standard)
https://enviroaqua.com.au/product/smart-led-bathroom-mirror-oval/,2,1805,product,critical,301 → /products/smart-led-bathroom-mirror-oval (Shopify standard)
https://enviroaqua.com.au/product-category/bathroom-taps/,2,1433,product-category,critical,301 → /collections/bathroom-taps
https://enviroaqua.com.au/watermark-policy/,2,1181,top-level page (landing/info),high,301 → /pages/watermark-policy on new site
https://enviroaqua.com.au/product/12cm-bathroom-mixer-tap-in-polished-chrome-extended-sprout/,2,1060,product,critical,301 → /products/12cm-bathroom-mixer-tap-in-polished-chrome-extended-sprout (Shopify standard)
https://enviroaqua.com.au/bathroom/product/shower-filter-kdf-carbon-great-for-chlorine-skin-allergies-extra-cartridge/,2,1026,bathroom-product (duplicate canonical),critical,301 → canonical /products/<slug> on new site
https://enviroaqua.com.au/product/automatic-self-priming-hot-cold-water-pressure-pump-with-flow-control-380w-220v/,2,816,product,critical,301 → /products/automatic-self-priming-hot-cold-water-pressure-pump-with-flow-control-380w-220v (Shopify standard)
https://enviroaqua.com.au/product/polypropylene-sediment-water-filter-pp-5-micron-10x2-5/,2,711,product,critical,301 → /products/polypropylene-sediment-water-filter-pp-5-micron-10x2-5 (Shopify standard)
https://enviroaqua.com.au/whole-house-water-filter-cost-australia/,2,581,top-level page (landing/info),high,301 → /pages/whole-house-water-filter-cost-australia on new site
https://enviroaqua.com.au/product/bench-top-water-filter-carbon-1-stage/,2,555,product,critical,301 → /products/bench-top-water-filter-carbon-1-stage (Shopify standard)
https://enviroaqua.com.au/product/bladder-for-50l-pressure-water-tank-drinking-water-compatible-made-in-italy/,2,554,product,critical,301 → /products/bladder-for-50l-pressure-water-tank-drinking-water-compatible-made-in-italy (Shopify standard)
https://enviroaqua.com.au/product/uv-water-filter-ultraviolet-sterilisation-1500lph-25w-220v-240v/,2,515,product,critical,301 → /products/uv-water-filter-ultraviolet-sterilisation-1500lph-25w-220v-240v (Shopify standard)
https://enviroaqua.com.au/whole-house-water-filter-chloramine-pfas-australia/,2,491,top-level page (landing/info),high,301 → /pages/whole-house-water-filter-chloramine-pfas-australia on new site
https://enviroaqua.com.au/bathroom/product/vanity-cabinetceramic-basin-top-white-wall-hung-pvc-800mmtap-drainage-not-inc/,2,490,bathroom-product (duplicate canonical),critical,301 → canonical /products/<slug> on new site
https://enviroaqua.com.au/product/polypropylene-sediment-water-filter-pp-5-micron-20x2-5/,2,469,product,critical,301 → /products/polypropylene-sediment-water-filter-pp-5-micron-20x2-5 (Shopify standard)
https://enviroaqua.com.au/product/water-filter-replacement-set-standard-6-stage-5-micron-10-inch/,2,468,product,critical,301 → /products/water-filter-replacement-set-standard-6-stage-5-micron-10-inch (Shopify standard)
https://enviroaqua.com.au/product/under-sink-water-filter-3-stage-sediment-carbon-alkaline/,2,464,product,critical,301 → /products/under-sink-water-filter-3-stage-sediment-carbon-alkaline (Shopify standard)
https://enviroaqua.com.au/product/5-x-1-4-push-fit-pipe-fitting-elbow-tube-connector-joiner-water-filter-fridge-ro/,2,412,product,critical,301 → /products/5-x-1-4-push-fit-pipe-fitting-elbow-tube-connector-joiner-water-filter-fridge-ro (Shopify standard)
https://enviroaqua.com.au/product/coconut-activated-carbon-water-filter-cto-5-micron-10x2-5/,2,410,product,critical,301 → /products/coconut-activated-carbon-water-filter-cto-5-micron-10x2-5 (Shopify standard)
https://enviroaqua.com.au/product/coconut-activated-carbon-water-filter-cto-5-micron-10x4-5/,2,361,product,critical,301 → /products/coconut-activated-carbon-water-filter-cto-5-micron-10x4-5 (Shopify standard)
https://enviroaqua.com.au/product/polypropylene-sediment-water-filter-pp-5-micron-20x4-5/,2,326,product,critical,301 → /products/polypropylene-sediment-water-filter-pp-5-micron-20x4-5 (Shopify standard)
https://enviroaqua.com.au/product/premium-twin-undersink-water-filter-system-with-three-way-tap/,2,302,product,critical,301 → /products/premium-twin-undersink-water-filter-system-with-three-way-tap (Shopify standard)
https://enviroaqua.com.au/product/12-litre-reverse-osmosis-water-holding-tank-ro-3-2g-plastic-rust-free/,2,300,product,critical,301 → /products/12-litre-reverse-osmosis-water-holding-tank-ro-3-2g-plastic-rust-free (Shopify standard)
https://enviroaqua.com.au/product/24v-high-pressure-switch-for-pump-ro-water-fitlers-with-quick-connect/,2,266,product,critical,301 → /products/24v-high-pressure-switch-for-pump-ro-water-fitlers-with-quick-connect (Shopify standard)
https://enviroaqua.com.au/product/twin-water-filter-cartridges-premium-carbon-sediment-10x2-5-5-micron/,2,191,product,critical,301 → /products/twin-water-filter-cartridges-premium-carbon-sediment-10x2-5-5-micron (Shopify standard)
https://enviroaqua.com.au/product/6-stage-reverse-osmosis-water-filters-set-with-75gpd-ro-membrane-alkaline-cart/,2,177,product,critical,301 → /products/6-stage-reverse-osmosis-water-filters-set-with-75gpd-ro-membrane-alkaline-cart (Shopify standard)
https://enviroaqua.com.au/product/whole-house-water-filter-1-stage-10x4-5-inch-sediment/,2,174,product,critical,301 → /products/whole-house-water-filter-1-stage-10x4-5-inch-sediment (Shopify standard)
https://enviroaqua.com.au/product/5-stage-reverse-osmosis-ro-full-replacement-set-with-75-gpd-membrane-nsf/,2,172,product,critical,301 → /products/5-stage-reverse-osmosis-ro-full-replacement-set-with-75-gpd-membrane-nsf (Shopify standard)
https://enviroaqua.com.au/product/diverter-valve-tap-connector-for-1-4-tube-benchtop-countertop-water-filters/,2,162,product,critical,301 → /products/diverter-valve-tap-connector-for-1-4-tube-benchtop-countertop-water-filters (Shopify standard)
https://enviroaqua.com.au/product/15-stage-shower-filter-great-for-chlorine-skin-allergies-extra-cartridge/,2,158,product,critical,301 → /products/15-stage-shower-filter-great-for-chlorine-skin-allergies-extra-cartridge (Shopify standard)
https://enviroaqua.com.au/product/standard-carbon-water-filter-cartridge-coconut-activated-carbon-filter-cto-20-x-4-5-5-micron/,2,132,product,critical,301 → /products/standard-carbon-water-filter-cartridge-coconut-activated-carbon-filter-cto-20-x-4-5-5-micron (Shopify standard)
https://enviroaqua.com.au/product/deluxe-ro-water-filter-tap-nsf-certified-faucet-in-polished-chrome/,2,128,product,critical,301 → /products/deluxe-ro-water-filter-tap-nsf-certified-faucet-in-polished-chrome (Shopify standard)
https://enviroaqua.com.au/product-category/taps/,2,119,product-category,critical,301 → /collections/taps
https://enviroaqua.com.au/product/4-stage-rodi-in-line-water-filter-replacement-set-with-ro-membrane-aquarium-fish/,2,112,product,critical,301 → /products/4-stage-rodi-in-line-water-filter-replacement-set-with-ro-membrane-aquarium-fish (Shopify standard)
https://enviroaqua.com.au/product/home-plastic-3-way-water-purifier-filters-tube-quick-connect-fitting-white/,2,75,product,critical,301 → /products/home-plastic-3-way-water-purifier-filters-tube-quick-connect-fitting-white (Shopify standard)
https://enviroaqua.com.au/product/6-stages-ro-cartridges-replacement-set-for-6-stages-ro-water-filter-system-5mic/,2,67,product,critical,301 → /products/6-stages-ro-cartridges-replacement-set-for-6-stages-ro-water-filter-system-5mic (Shopify standard)
https://enviroaqua.com.au/product/4-stage-aquarium-tank-reverse-osmosis-water-filters-ro-di-resin-filter/,2,62,product,critical,301 → /products/4-stage-aquarium-tank-reverse-osmosis-water-filters-ro-di-resin-filter (Shopify standard)
https://enviroaqua.com.au/bathroom/product/brushed-nickel-pull-out-down-kitchen-tap-swivel-spout-laundry-sink-mixer-2/,2,57,bathroom-product (duplicate canonical),critical,301 → canonical /products/<slug> on new site
https://enviroaqua.com.au/bathroom/product/in-wall-concealed-cistern-toilet-rimless-floor-mount-pan-chrome-buttons-wels-cer-2/,2,53,bathroom-product (duplicate canonical),critical,301 → canonical /products/<slug> on new site
https://enviroaqua.com.au/whole-house-water-filters-umina-beach-woy-woy/,2,46,top-level page (landing/info),high,301 → /pages/whole-house-water-filters-umina-beach-woy-woy on new site
https://enviroaqua.com.au/whole-house-water-filters-central-coast/,1,9276,top-level page (landing/info),high,301 → /pages/whole-house-water-filters-central-coast on new site
https://enviroaqua.com.au/product/5-stage-undersink-home-drinking-ro-water-filter-system-with-3-way-tap/,1,4058,product,critical,301 → /products/5-stage-undersink-home-drinking-ro-water-filter-system-with-3-way-tap (Shopify standard)
https://enviroaqua.com.au/product/luxurious-3-way-tap-for-ro-water-filters-kitchen-mixer-in-black-or-nickel/,1,3169,product,critical,301 → /products/luxurious-3-way-tap-for-ro-water-filters-kitchen-mixer-in-black-or-nickel (Shopify standard)
https://enviroaqua.com.au/product/filtered-hot-cold-water-cooler-direct-connect/,1,2242,product,critical,301 → /products/filtered-hot-cold-water-cooler-direct-connect (Shopify standard)
https://enviroaqua.com.au/product/granular-activated-carbon-water-filter-gac-5-micron-10x2-5/,1,1248,product,critical,301 → /products/granular-activated-carbon-water-filter-gac-5-micron-10x2-5 (Shopify standard)
https://enviroaqua.com.au/colour/brushed-gold/,1,1154,colour taxonomy (Woo attribute),low,301 → /collections/ filtered by colour (or 410)
https://enviroaqua.com.au/product/pull-down-modern-kitchen-tap-mixer-in-brushed-nickel/,1,983,product,critical,301 → /products/pull-down-modern-kitchen-tap-mixer-in-brushed-nickel (Shopify standard)
https://enviroaqua.com.au/product/whole-house-water-filter-replacement-set-3-stage-5-micron-20x2-5/,1,889,product,critical,301 → /products/whole-house-water-filter-replacement-set-3-stage-5-micron-20x2-5 (Shopify standard)
https://enviroaqua.com.au/product/inline-water-filter-replacement-set-3-stages-sediment-carbon-ro-membrane-10/,1,629,product,critical,301 → /products/inline-water-filter-replacement-set-3-stages-sediment-carbon-ro-membrane-10 (Shopify standard)
https://enviroaqua.com.au/product/3-way-ro-system-water-shut-off-stop-valve-1-4x-1-4-quick-connect-x-1-2/,1,534,product,critical,301 → /products/3-way-ro-system-water-shut-off-stop-valve-1-4x-1-4-quick-connect-x-1-2 (Shopify standard)
https://enviroaqua.com.au/product/4647/,1,436,product,critical,301 → /products/4647 (Shopify standard)
https://enviroaqua.com.au/product/bladder-for-12l-pressure-water-tank-drinking-water-compatible-made-in-italy/,1,366,product,critical,301 → /products/bladder-for-12l-pressure-water-tank-drinking-water-compatible-made-in-italy (Shopify standard)
https://enviroaqua.com.au/product/5-x-fridge-water-filter-fitting-threaded-elbow-quick-connect-6mm-x-1-4-push-fit/,1,307,product,critical,301 → /products/5-x-fridge-water-filter-fitting-threaded-elbow-quick-connect-6mm-x-1-4-push-fit (Shopify standard)
https://enviroaqua.com.au/product-category/bundles/,1,284,product-category,critical,301 → /collections/bundles
https://enviroaqua.com.au/product/bathroom-sink-pop-up-waste-overflow-basin-vanity-chrome-push-plug-drain-40mm/,1,271,product,critical,301 → /products/bathroom-sink-pop-up-waste-overflow-basin-vanity-chrome-push-plug-drain-40mm (Shopify standard)
https://enviroaqua.com.au/product/5-x-1-4-push-fit-pipe-fitting-elbow-tube-connector-joiner-water-filter-fridge/,1,268,product,critical,301 → /products/5-x-1-4-push-fit-pipe-fitting-elbow-tube-connector-joiner-water-filter-fridge (Shopify standard)
https://enviroaqua.com.au/product/coconut-activated-carbon-water-filter-cto-5-micron-20x4-5/,1,261,product,critical,301 → /products/coconut-activated-carbon-water-filter-cto-5-micron-20x4-5 (Shopify standard)
https://enviroaqua.com.au/product/premium-stainless-steel-three-stage-big-blue-whole-house-water-filter-system-steel/,1,255,product,critical,301 → /products/premium-stainless-steel-three-stage-big-blue-whole-house-water-filter-system-steel (Shopify standard)
https://enviroaqua.com.au/bathroom/product/rimless-wash-down-water-closet-commode-p-trap-wc-ceramic-2-piece-toilet-wels/,1,230,bathroom-product (duplicate canonical),critical,301 → canonical /products/<slug> on new site
https://enviroaqua.com.au/product/bladder-for-100l-pressure-water-tank-drinking-water-compatible-made-in-italy/,1,205,product,critical,301 → /products/bladder-for-100l-pressure-water-tank-drinking-water-compatible-made-in-italy (Shopify standard)
https://enviroaqua.com.au/best-watermark-certified-water-bubblers-australian-schools-2026/,1,195,top-level page (landing/info),high,301 → /pages/best-watermark-certified-water-bubblers-australian-schools-2026 on new site
https://enviroaqua.com.au/commercial-drinking-fountain-gym-office-australia-2026/,1,169,top-level page (landing/info),high,301 → /pages/commercial-drinking-fountain-gym-office-australia-2026 on new site
https://enviroaqua.com.au/bathroom/product/in-wall-concealed-cistern-toilet-rimless-floor-mount-pan-chrome-buttons-wels-cer/,1,166,bathroom-product (duplicate canonical),critical,301 → canonical /products/<slug> on new site
https://enviroaqua.com.au/bathroom/product/white-vanity-cabinet-stone-basin-top-pvc-tap-drainage-not-inc900mm-free-sand-2/,1,133,bathroom-product (duplicate canonical),critical,301 → canonical /products/<slug> on new site
https://enviroaqua.com.au/product/whole-house-water-filter-replacement-set-3-stage-5-micron-20x4-5/,1,131,product,critical,301 → /products/whole-house-water-filter-replacement-set-3-stage-5-micron-20x4-5 (Shopify standard)
https://enviroaqua.com.au/product/whole-house-water-filter-1-stage-10x4-5-inch-carbon/,1,126,product,critical,301 → /products/whole-house-water-filter-1-stage-10x4-5-inch-carbon (Shopify standard)
https://enviroaqua.com.au/product/uv-0-5-1-gpm-11w-filters-uv-water-sterilizer-filter-220v-phillip-lamp/,1,113,product,critical,301 → /products/uv-0-5-1-gpm-11w-filters-uv-water-sterilizer-filter-220v-phillip-lamp (Shopify standard)
https://enviroaqua.com.au/product/30-pics-1-4-locking-clips-clamps-for-reverse-osmosis-water-filter-fittings-6mm/,1,98,product,critical,301 → /products/30-pics-1-4-locking-clips-clamps-for-reverse-osmosis-water-filter-fittings-6mm (Shopify standard)
https://enviroaqua.com.au/commercial-water-bubblers-gyms-fitness-centres-australia/,1,97,top-level page (landing/info),high,301 → /pages/commercial-water-bubblers-gyms-fitness-centres-australia on new site
https://enviroaqua.com.au/product/complete-bathroom-package-2b-matte-black-watermark-certified-wels-rated/,1,95,product,critical,301 → /products/complete-bathroom-package-2b-matte-black-watermark-certified-wels-rated (Shopify standard)
https://enviroaqua.com.au/product/100m-1-4-flexible-nylon-tube-hose-pneumatic-air-line-tubing/,1,83,product,critical,301 → /products/100m-1-4-flexible-nylon-tube-hose-pneumatic-air-line-tubing (Shopify standard)
https://enviroaqua.com.au/product/3-stages-inline-water-filter-pp-gac-cto-10x2-5-portable/,1,83,product,critical,301 → /products/3-stages-inline-water-filter-pp-gac-cto-10x2-5-portable (Shopify standard)
https://enviroaqua.com.au/product/3-stages-inline-ro-water-filters-replacement-set-with-ro-membrane/,1,79,product,critical,301 → /products/3-stages-inline-ro-water-filters-replacement-set-with-ro-membrane (Shopify standard)
https://enviroaqua.com.au/product/washable-reusable-water-filter-pleated-5-micron-20x4-5/,1,76,product,critical,301 → /products/washable-reusable-water-filter-pleated-5-micron-20x4-5 (Shopify standard)
https://enviroaqua.com.au/product/complete-bathroom-package-3b-matte-black-watermark-certified-wels-rated/,1,64,product,critical,301 → /products/complete-bathroom-package-3b-matte-black-watermark-certified-wels-rated (Shopify standard)
https://enviroaqua.com.au/product/20m-1-4-6mm-high-pressure-water-filter-tube-reverse-osmosis-tubing/,1,63,product,critical,301 → /products/20m-1-4-6mm-high-pressure-water-filter-tube-reverse-osmosis-tubing (Shopify standard)
https://enviroaqua.com.au/whole-house-water-filters-gosford-nsw/,1,63,top-level page (landing/info),high,301 → /pages/whole-house-water-filters-gosford-nsw on new site
https://enviroaqua.com.au/product/complete-bathroom-package-4b-matte-black-watermark-certified-wels-rated/,1,62,product,critical,301 → /products/complete-bathroom-package-4b-matte-black-watermark-certified-wels-rated (Shopify standard)
https://enviroaqua.com.au/shop/page/2/,1,62,shop archive,medium,301 → /collections/all
https://enviroaqua.com.au/product/10-x-2-5-single-stage-counter-top-water-filter-system-with-carbon-filter/,1,61,product,critical,301 → /products/10-x-2-5-single-stage-counter-top-water-filter-system-with-carbon-filter (Shopify standard)
https://enviroaqua.com.au/product/bladder-for-19l-pressure-water-tank-drinking-water-compatible-made-in-italy/,1,59,product,critical,301 → /products/bladder-for-19l-pressure-water-tank-drinking-water-compatible-made-in-italy (Shopify standard)
https://enviroaqua.com.au/product/complete-bathroom-package-3c-polished-chrome-watermark-certified-wels-rated/,1,55,product,critical,301 → /products/complete-bathroom-package-3c-polished-chrome-watermark-certified-wels-rated (Shopify standard)
https://enviroaqua.com.au/bathroom/product/vanity-cabinet-stone-basin-top-pvc-white-tap-drainage-not-inc-1200-mm-f-s-3/,1,52,bathroom-product (duplicate canonical),critical,301 → canonical /products/<slug> on new site
https://enviroaqua.com.au/product/smart-led-bathroom-mirror-circle/,1,51,product,critical,301 → /products/smart-led-bathroom-mirror-circle (Shopify standard)
https://enviroaqua.com.au/product/uv-0-5-1-gpm-6w-filters-uv-water-steriliser-filter-220vdc/,1,50,product,critical,301 → /products/uv-0-5-1-gpm-6w-filters-uv-water-steriliser-filter-220vdc (Shopify standard)
https://enviroaqua.com.au/product/3-stages-whole-house-water-filter-and-uv-ultraviolet-sterilization-system/,1,41,product,critical,301 → /products/3-stages-whole-house-water-filter-and-uv-ultraviolet-sterilization-system (Shopify standard)
https://enviroaqua.com.au/bathroom/product/wels-chrome-round-basin-mixer-bathroom-sink-vanity-faucet-tap-spout/,1,40,bathroom-product (duplicate canonical),critical,301 → canonical /products/<slug> on new site
https://enviroaqua.com.au/product-category/fittings-parts/page/3/,1,40,product-category,critical,301 → /collections/fittings-parts
https://enviroaqua.com.au/product/ultraviolet-water-sterilizer-filter/,1,35,product,critical,301 → /products/ultraviolet-water-sterilizer-filter (Shopify standard)
https://enviroaqua.com.au/bathroom/product/vanity-cabinet-stone-basin-top-pvc-white-tap-drainage-not-inc-1200-mm-f-s-4/,1,34,bathroom-product (duplicate canonical),critical,301 → canonical /products/<slug> on new site
https://enviroaqua.com.au/product/12-litre-reverse-osmosis-water-holding-tank/,1,33,product,critical,301 → /products/12-litre-reverse-osmosis-water-holding-tank (Shopify standard)
https://enviroaqua.com.au/product/8l-vertical-solar-system-water-pressure-tank-expantion-tank-2-13-gallons/,1,33,product,critical,301 → /products/8l-vertical-solar-system-water-pressure-tank-expantion-tank-2-13-gallons (Shopify standard)
https://enviroaqua.com.au/chemical-dosing-tanks-australia-buyers-guide/,1,31,top-level page (landing/info),high,301 → /pages/chemical-dosing-tanks-australia-buyers-guide on new site
https://enviroaqua.com.au/product/complete-bathroom-package-3g-matte-black-watermark-certified-wels-rated/,1,29,product,critical,301 → /products/complete-bathroom-package-3g-matte-black-watermark-certified-wels-rated (Shopify standard)
https://enviroaqua.com.au/product/5-stages-ro-cartridges-replacement-set-for-5-stages-ro-water-filter-system-5mic/,1,26,product,critical,301 → /products/5-stages-ro-cartridges-replacement-set-for-5-stages-ro-water-filter-system-5mic (Shopify standard)
https://enviroaqua.com.au/product/10″-x-4-5″-heavy-duty-water-filter-with-1-brass-ports-sediment-filter-included/,1,21,product,critical,301 → /products/10″-x-4-5″-heavy-duty-water-filter-with-1-brass-ports-sediment-filter-included (Shopify standard)
https://enviroaqua.com.au/shop/page/9/,1,21,shop archive,medium,301 → /collections/all
https://enviroaqua.com.au/product/10-x-2-5-5-stage-undersink-water-filter-system-with-stainless-steel-tap-and-12l-tank-sediment-gac-carbon-ro-membrane-t33/,1,19,product,critical,301 → /products/10-x-2-5-5-stage-undersink-water-filter-system-with-stainless-steel-tap-and-12l-tank-sediment-gac-carbon-ro-membrane-t33 (Shopify standard)
https://enviroaqua.com.au/product/12l-reverse-osmosis-water-holding-tank-ro-3-2g-plastic-rust-free/,1,18,product,critical,301 → /products/12l-reverse-osmosis-water-holding-tank-ro-3-2g-plastic-rust-free (Shopify standard)
https://enviroaqua.com.au/product/5-x-premium-quality-cto-carbon-cartridges-10-x-2-5/,1,14,product,critical,301 → /products/5-x-premium-quality-cto-carbon-cartridges-10-x-2-5 (Shopify standard)
https://enviroaqua.com.au/product/premium-single-water-filter-system-with-2-cartridgesspanner-caravan-whole-house/,1,12,product,critical,301 → /products/premium-single-water-filter-system-with-2-cartridgesspanner-caravan-whole-house (Shopify standard)
https://enviroaqua.com.au/product/uv-0-5-1-gpm-6w-filters-uv-water-sterilizer-filter-12vdc-for-caravan-solar/,1,11,product,critical,301 → /products/uv-0-5-1-gpm-6w-filters-uv-water-sterilizer-filter-12vdc-for-caravan-solar (Shopify standard)
https://enviroaqua.com.au/product/20″-x-4-5″-heavy-duty-water-filter-with-1-brass-ports-carbon-filter-included/,1,10,product,critical,301 → /products/20″-x-4-5″-heavy-duty-water-filter-with-1-brass-ports-carbon-filter-included (Shopify standard)
https://enviroaqua.com.au/product/commercial-reverses-osmosis-ro-500lph-water-treatment-machinery-equipment/,1,9,product,critical,301 → /products/commercial-reverses-osmosis-ro-500lph-water-treatment-machinery-equipment (Shopify standard)
https://enviroaqua.com.au/product/rimless-toilet-suite-back-to-wall-faced-close-soft-close-seat-back-inlet-wels/,1,3,product,critical,301 → /products/rimless-toilet-suite-back-to-wall-faced-close-soft-close-seat-back-inlet-wels (Shopify standard)
https://enviroaqua.com.au/bathroom/product/vanity-cabinetceramic-basin-top-white-wall-hung-pvc-600mmtap-drainage-not-inc/,1,1,bathroom-product (duplicate canonical),critical,301 → canonical /products/<slug> on new site
https://enviroaqua.com.au/product/granular-activated-carbon-water-filter-gac-5-micron-20x2-5/,0,3409,product,critical,301 → /products/granular-activated-carbon-water-filter-gac-5-micron-20x2-5 (Shopify standard)
https://enviroaqua.com.au/product-category/basins/,0,1814,product-category,critical,301 → /collections/basins
https://enviroaqua.com.au/product/115mm-square-tile-insert-100mm-waste-outlet-floor-drain-shower-grate/,0,1612,product,critical,301 → /products/115mm-square-tile-insert-100mm-waste-outlet-floor-drain-shower-grate (Shopify standard)
https://enviroaqua.com.au/product/wall-mounted-towel-robe-hook-polished-chrome/,0,1229,product,critical,301 → /products/wall-mounted-towel-robe-hook-polished-chrome (Shopify standard)
https://enviroaqua.com.au/product-category/bathroom-accessories/,0,1204,product-category,critical,301 → /collections/bathroom-accessories
https://enviroaqua.com.au/product/good-quality-rectangle-vitreous-vessel-bathroom-sink-white/,0,915,product,critical,301 → /products/good-quality-rectangle-vitreous-vessel-bathroom-sink-white (Shopify standard)
https://enviroaqua.com.au/product/tall-spring-loaded-kitchen-mixer-pull-out-spray-polished-chrome/,0,822,product,critical,301 → /products/tall-spring-loaded-kitchen-mixer-pull-out-spray-polished-chrome (Shopify standard)
https://enviroaqua.com.au/delivery-return/,0,815,top-level page (landing/info),high,301 → /pages/delivery-return on new site
https://enviroaqua.com.au/benefits-of-installing-an-under-sink-water-filter/,0,813,top-level page (landing/info),high,301 → /pages/benefits-of-installing-an-under-sink-water-filter on new site
https://enviroaqua.com.au/product/ceramic-counter-top-wash-sink-rectangle-glossy-white-50-cm-washbasin-bathroom/,0,772,product,critical,301 → /products/ceramic-counter-top-wash-sink-rectangle-glossy-white-50-cm-washbasin-bathroom (Shopify standard)
https://enviroaqua.com.au/product/wm-3-stages-20-x-4-5-triple-big-blue-whole-house-water-filter-system/,0,768,product,critical,301 → /products/wm-3-stages-20-x-4-5-triple-big-blue-whole-house-water-filter-system (Shopify standard)
https://enviroaqua.com.au/product/digital-ph-meter-tds-tester-analysis-monitor-for-aquarium-pool-r1bo/,0,738,product,critical,301 → /products/digital-ph-meter-tds-tester-analysis-monitor-for-aquarium-pool-r1bo (Shopify standard)
https://enviroaqua.com.au/product/digital-meter-tds-tester-aquarium-pool-spa-hydroponic-water-monitor-da/,0,708,product,critical,301 → /products/digital-meter-tds-tester-aquarium-pool-spa-hydroponic-water-monitor-da (Shopify standard)
https://enviroaqua.com.au/product/twin-counter-top-bench-top-double-drinking-water-filter-system-include-filters/,0,703,product,critical,301 → /products/twin-counter-top-bench-top-double-drinking-water-filter-system-include-filters (Shopify standard)
https://enviroaqua.com.au/product/pull-down-spray-tap-kitchen-mixer-in-brushed-nickel/,0,665,product,critical,301 → /products/pull-down-spray-tap-kitchen-mixer-in-brushed-nickel (Shopify standard)
https://enviroaqua.com.au/product-category/cabinets/,0,586,product-category,critical,301 → /collections/cabinets
https://enviroaqua.com.au/product/counter-top-basin-high-quality-modern-luxury-ce-sink-simple-single-hand-wash-art/,0,537,product,critical,301 → /products/counter-top-basin-high-quality-modern-luxury-ce-sink-simple-single-hand-wash-art (Shopify standard)
https://enviroaqua.com.au/whole-house-water-filter-australia/,0,462,top-level page (landing/info),high,301 → /pages/whole-house-water-filter-australia on new site
https://enviroaqua.com.au/product/vanity-cabinetceramic-basin-top-whit-finish-pvc-tap-drainage-not-inc-60cm-f-s/,0,448,product,critical,301 → /products/vanity-cabinetceramic-basin-top-whit-finish-pvc-tap-drainage-not-inc-60cm-f-s (Shopify standard)
https://enviroaqua.com.au/product-category/mirrors/,0,441,product-category,critical,301 → /collections/mirrors
https://enviroaqua.com.au/product/deluxe-water-filter-reverse-osmosis-ro-drinking-water-faucet-tap-2/,0,433,product,critical,301 → /products/deluxe-water-filter-reverse-osmosis-ro-drinking-water-faucet-tap-2 (Shopify standard)
https://enviroaqua.com.au/colour/brushed-nickel/,0,428,colour taxonomy (Woo attribute),low,301 → /collections/ filtered by colour (or 410)
https://enviroaqua.com.au/bathroom/product/brush-surface-flexible-hose-single-handle-pull-out-kitchen-tap-pull-down-wels/,0,425,bathroom-product (duplicate canonical),critical,301 → canonical /products/<slug> on new site
https://enviroaqua.com.au/bathroom/product/counter-top-basin-high-quality-modern-luxury-ce-sink-simple-single-hand-wash-art/,0,394,bathroom-product (duplicate canonical),critical,301 → canonical /products/<slug> on new site
https://enviroaqua.com.au/bathroom/product/rimless-wash-down-water-closet-commode-p-trap-wc-ceramic-2-piece-toilet-wels-2/,0,354,bathroom-product (duplicate canonical),critical,301 → canonical /products/<slug> on new site
https://enviroaqua.com.au/product/bathroom-water-saving-round-shower-set-round-rainfall-head-shower-wels-watermark/,0,350,product,critical,301 → /products/bathroom-water-saving-round-shower-set-round-rainfall-head-shower-wels-watermark (Shopify standard)
https://enviroaqua.com.au/bathroom/product/bathroom-sink-pop-up-waste-overflow-basin-vanity-chrome-push-plug-drain-40mm/,0,317,bathroom-product (duplicate canonical),critical,301 → canonical /products/<slug> on new site
https://enviroaqua.com.au/product/desktop-water-filter-portable-water-purifier-with-3in1-fillter-adapter-diy/,0,317,product,critical,301 → /products/desktop-water-filter-portable-water-purifier-with-3in1-fillter-adapter-diy (Shopify standard)
https://enviroaqua.com.au/product/coconut-activated-carbon-water-filter-cto-5-micron-20x2-5/,0,314,product,critical,301 → /products/coconut-activated-carbon-water-filter-cto-5-micron-20x2-5 (Shopify standard)
https://enviroaqua.com.au/product/16cm-bathroom-mixer-tap-in-polished-chrome/,0,276,product,critical,301 → /products/16cm-bathroom-mixer-tap-in-polished-chrome (Shopify standard)
https://enviroaqua.com.au/parcel-panel/,0,273,top-level page (landing/info),high,301 → /pages/parcel-panel on new site
https://enviroaqua.com.au/bathroom/product/brass-kitchen-mixer-tap-long-swivel-spout-laundry-faucet-sink-taps-chrome-durabl/,0,261,bathroom-product (duplicate canonical),critical,301 → canonical /products/<slug> on new site
https://enviroaqua.com.au/product/single-stage-counter-top-water-filter-desktop-water-purifiercartridge-included/,0,257,product,critical,301 → /products/single-stage-counter-top-water-filter-desktop-water-purifiercartridge-included (Shopify standard)
https://enviroaqua.com.au/bathroom/product/ceramic-counter-top-wash-sink-rectangle-glossy-white-50-cm-washbasin-bathroom/,0,244,bathroom-product (duplicate canonical),critical,301 → canonical /products/<slug> on new site
https://enviroaqua.com.au/colour/matte-black/,0,228,colour taxonomy (Woo attribute),low,301 → /collections/ filtered by colour (or 410)
https://enviroaqua.com.au/product/water-filter-fitting-joiner-quick-connect-3-8-enviro-aqua/,0,225,product,critical,301 → /products/water-filter-fitting-joiner-quick-connect-3-8-enviro-aqua (Shopify standard)
https://enviroaqua.com.au/product/premium-pair-water-filter-cartridges-5-mic-carbon-5-mic-sediment-10x2-5/,0,214,product,critical,301 → /products/premium-pair-water-filter-cartridges-5-mic-carbon-5-mic-sediment-10x2-5 (Shopify standard)
https://enviroaqua.com.au/product/wall-mounted-round-towel-ring-in-polished-chrome/,0,204,product,critical,301 → /products/wall-mounted-round-towel-ring-in-polished-chrome (Shopify standard)
https://enviroaqua.com.au/product/in-wall-dual-flush-toilet-button-faceplate-circular-design-in-black-chrome-gold-nickel/,0,192,product,critical,301 → /products/in-wall-dual-flush-toilet-button-faceplate-circular-design-in-black-chrome-gold-nickel (Shopify standard)
https://enviroaqua.com.au/product/5-stages-ro-system-stainless-steel-tap/,0,173,product,critical,301 → /products/5-stages-ro-system-stainless-steel-tap (Shopify standard)
https://enviroaqua.com.au/bathroom/product/vanity-cabinetceramic-basin-top-wood-wall-hung-pvc-600mmtap-drainage-not-inc-2/,0,161,bathroom-product (duplicate canonical),critical,301 → canonical /products/<slug> on new site
https://enviroaqua.com.au/product/standard-carbon-water-filter-cartridge-coconut-carbon-filter-cto-10-x-2-5-5-micron/,0,157,product,critical,301 → /products/standard-carbon-water-filter-cartridge-coconut-carbon-filter-cto-10-x-2-5-5-micron (Shopify standard)
https://enviroaqua.com.au/bathroom/product/white-vanity-cabinet-stone-basin-top-pvc-tap-drainage-not-inc900mm-free-sand/,0,149,bathroom-product (duplicate canonical),critical,301 → canonical /products/<slug> on new site
https://enviroaqua.com.au/product/complete-bathroom-package-1c-polished-chrome-watermark-certified-wels-rated/,0,145,product,critical,301 → /products/complete-bathroom-package-1c-polished-chrome-watermark-certified-wels-rated (Shopify standard)
https://enviroaqua.com.au/bathroom/product/wels-chrome-round-basin-mixer-bathroom-sink-vanity-faucet-tap-spout-3/,0,144,bathroom-product (duplicate canonical),critical,301 → canonical /products/<slug> on new site
https://enviroaqua.com.au/product/vanity-cabinet-stone-basin-top-pvc-white-tap-drainage-not-inc-1200-mm-f-s/,0,144,product,critical,301 → /products/vanity-cabinet-stone-basin-top-pvc-white-tap-drainage-not-inc-1200-mm-f-s (Shopify standard)
https://enviroaqua.com.au/watermark-policy,0,144,top-level page (landing/info),high,301 → /pages/watermark-policy on new site
https://enviroaqua.com.au/bathroom/,0,140,top-level page (landing/info),high,301 → /pages/bathroom on new site
https://enviroaqua.com.au/blog/,0,134,blog,high,301 → new /blogs/news/<slug> or 1:1 mapping
https://enviroaqua.com.au/product/3-way-tap-for-ro-water-filters-kitchen-mixer-in-black-nickel-gold-and-chrome/,0,123,product,critical,301 → /products/3-way-tap-for-ro-water-filters-kitchen-mixer-in-black-nickel-gold-and-chrome (Shopify standard)
https://enviroaqua.com.au/product-category/showers/,0,120,product-category,critical,301 → /collections/showers
https://enviroaqua.com.au/watermark-certified-water-bubblers-australian-schools/,0,118,top-level page (landing/info),high,301 → /pages/watermark-certified-water-bubblers-australian-schools on new site
https://enviroaqua.com.au/product/3-stage-whole-house-water-filter-replacement-set-20-x-4-5/,0,117,product,critical,301 → /products/3-stage-whole-house-water-filter-replacement-set-20-x-4-5 (Shopify standard)
https://enviroaqua.com.au/product/whole-house-water-filter-1-stage-20x4-5-inch-carbon/,0,114,product,critical,301 → /products/whole-house-water-filter-1-stage-20x4-5-inch-carbon (Shopify standard)
https://enviroaqua.com.au/product/2x-poly-spun-water-filter-cartridge-5-micron-sediment-20-x-4-5-whole-house/,0,113,product,critical,301 → /products/2x-poly-spun-water-filter-cartridge-5-micron-sediment-20-x-4-5-whole-house (Shopify standard)
https://enviroaqua.com.au/shop/page/1/,0,110,shop archive,medium,301 → /collections/all
https://enviroaqua.com.au/shop/page/3/,0,103,shop archive,medium,301 → /collections/all
https://enviroaqua.com.au/product/granular-activated-carbon-water-filter-cartridge-gac-10-x-2-5-5-micron/,0,100,product,critical,301 → /products/granular-activated-carbon-water-filter-cartridge-gac-10-x-2-5-5-micron (Shopify standard)
https://enviroaqua.com.au/product/ro-wrench-for-water-filter-wrenching-1812-housing-of-reverse-osmosis-membrane/,0,100,product,critical,301 → /products/ro-wrench-for-water-filter-wrenching-1812-housing-of-reverse-osmosis-membrane (Shopify standard)
https://enviroaqua.com.au/product/whole-house-water-filter-1-stage-10x2-5-inch-sediment/,0,98,product,critical,301 → /products/whole-house-water-filter-1-stage-10x2-5-inch-sediment (Shopify standard)
https://enviroaqua.com.au/outlet/,0,96,top-level page (landing/info),high,301 → /pages/outlet on new site
https://enviroaqua.com.au/product/five-way-brass-fittings-quick-connect-fittings-water-pump-connector/,0,96,product,critical,301 → /products/five-way-brass-fittings-quick-connect-fittings-water-pump-connector (Shopify standard)
https://enviroaqua.com.au/product/back-to-wall-rimless-dual-flush-ceramic-toilet-suite-soft-close-seat-p-trap-wels/,0,92,product,critical,301 → /products/back-to-wall-rimless-dual-flush-ceramic-toilet-suite-soft-close-seat-p-trap-wels (Shopify standard)
https://enviroaqua.com.au/product/pleated-water-filter-cartridge-washable-and-reusable-20-x-4-5-5-micron/,0,91,product,critical,301 → /products/pleated-water-filter-cartridge-washable-and-reusable-20-x-4-5-5-micron (Shopify standard)
https://enviroaqua.com.au/privacy-policy/,0,89,top-level page (landing/info),high,301 → /pages/privacy-policy on new site
https://enviroaqua.com.au/product/water-and-air-pressure-oil-gauge-new-1-4-brass-bspt-thread-60-150-300-psi/,0,88,product,critical,301 → /products/water-and-air-pressure-oil-gauge-new-1-4-brass-bspt-thread-60-150-300-psi (Shopify standard)
https://enviroaqua.com.au/colour/polished-chrome/,0,87,colour taxonomy (Woo attribute),low,301 → /collections/ filtered by colour (or 410)
https://enviroaqua.com.au/product/5-x-water-filter-fitting-joiner-quick-connect-1-4-6mm-fridge-enviro-aqua/,0,87,product,critical,301 → /products/5-x-water-filter-fitting-joiner-quick-connect-1-4-6mm-fridge-enviro-aqua (Shopify standard)
https://enviroaqua.com.au/product/19l-vertical-solar-system-water-pressure-tank-expantion-tank-5-06-gallons/,0,86,product,critical,301 → /products/19l-vertical-solar-system-water-pressure-tank-expantion-tank-5-06-gallons (Shopify standard)
https://enviroaqua.com.au/product/shower-filter-with-kdf-carbon-great-for-chlorine-skin-allergies-enviro-aqua/,0,86,product,critical,301 → /products/shower-filter-with-kdf-carbon-great-for-chlorine-skin-allergies-enviro-aqua (Shopify standard)
https://enviroaqua.com.au/bathroom/product/bathroom-wall-basin-sink-shower-mixer-tap-faucet-round-chrome-bath-spout-wels/,0,84,bathroom-product (duplicate canonical),critical,301 → canonical /products/<slug> on new site
https://enviroaqua.com.au/product/water-filter-fitting-tee-quick-connect-3-8enviro-aqua/,0,76,product,critical,301 → /products/water-filter-fitting-tee-quick-connect-3-8enviro-aqua (Shopify standard)
https://enviroaqua.com.au/product/standard-carbon-water-filter-cartridge-coconut-activated-carbon-filter-cto-20-x-2-5-5-micron/,0,75,product,critical,301 → /products/standard-carbon-water-filter-cartridge-coconut-activated-carbon-filter-cto-20-x-2-5-5-micron (Shopify standard)
https://enviroaqua.com.au/bathroom/product/brush-surface-flexible-hose-single-handle-pull-out-kitchen-tap-pull-down-wels-2/,0,70,bathroom-product (duplicate canonical),critical,301 → canonical /products/<slug> on new site
https://enviroaqua.com.au/product/2-x-water-filter-fitting-tee-quick-connect-1-4-tee-6mm-fridge-enviro-aqua/,0,70,product,critical,301 → /products/2-x-water-filter-fitting-tee-quick-connect-1-4-tee-6mm-fridge-enviro-aqua (Shopify standard)
https://enviroaqua.com.au/bathroom/product/brushed-nickel-pull-out-down-kitchen-tap-swivel-spout-laundry-sink-mixer/,0,69,bathroom-product (duplicate canonical),critical,301 → canonical /products/<slug> on new site
https://enviroaqua.com.au/product-category/filter-cartridges/page/2/,0,65,product-category,critical,301 → /collections/filter-cartridges
https://enviroaqua.com.au/product/whole-house-water-filter-1-stage-10x2-5-inch-carbon/,0,65,product,critical,301 → /products/whole-house-water-filter-1-stage-10x2-5-inch-carbon (Shopify standard)
https://enviroaqua.com.au/bathroom/product/chrome-round-basin-mixer-bathroom-sink-vanity-faucet-tap-spout-h-13cm/,0,64,bathroom-product (duplicate canonical),critical,301 → canonical /products/<slug> on new site
https://enviroaqua.com.au/bathroom/product/vanity-cabinetceramic-basin-top-wood-wall-hung-pvc-600mmtap-drainage-not-inc/,0,64,bathroom-product (duplicate canonical),critical,301 → canonical /products/<slug> on new site
https://enviroaqua.com.au/bathroom/product/bathroom-wall-basin-sink-shower-mixer-tap-faucet-square-chrome-bath-spout-wels/,0,59,bathroom-product (duplicate canonical),critical,301 → canonical /products/<slug> on new site
https://enviroaqua.com.au/product/ro-fridge-water-filter-pipe-tube-hose-1-4-6mm-tubing-high-pressure-nsf/,0,59,product,critical,301 → /products/ro-fridge-water-filter-pipe-tube-hose-1-4-6mm-tubing-high-pressure-nsf (Shopify standard)
https://enviroaqua.com.au/product/complete-bathroom-package-1b-matte-black-watermark-certified-wels-rated/,0,58,product,critical,301 → /products/complete-bathroom-package-1b-matte-black-watermark-certified-wels-rated (Shopify standard)
https://enviroaqua.com.au/product/complete-bathroom-package-1g-brushed-gold-watermark-certified-wels-rated/,0,58,product,critical,301 → /products/complete-bathroom-package-1g-brushed-gold-watermark-certified-wels-rated (Shopify standard)
https://enviroaqua.com.au/product/12l-vertical-solar-system-water-pressure-tank-expantion-tank-3-2-gallons/,0,56,product,critical,301 → /products/12l-vertical-solar-system-water-pressure-tank-expantion-tank-3-2-gallons (Shopify standard)
https://enviroaqua.com.au/product/granular-activated-carbon-water-filter-cartridges-gac-20-x-2-5-5-micron/,0,56,product,critical,301 → /products/granular-activated-carbon-water-filter-cartridges-gac-20-x-2-5-5-micron (Shopify standard)
https://enviroaqua.com.au/commercial-water-bubblers-vs-water-coolers-australia/,0,55,top-level page (landing/info),high,301 → /pages/commercial-water-bubblers-vs-water-coolers-australia on new site
https://enviroaqua.com.au/bathroom/product/led-oval-bathroom-mirror-smart-makeup-wall-mirror-90cmx60cm/,0,54,bathroom-product (duplicate canonical),critical,301 → canonical /products/<slug> on new site
https://enviroaqua.com.au/product/50m-1-4-6mm-high-pressure-water-filter-tube-reverse-osmosis-tubing/,0,54,product,critical,301 → /products/50m-1-4-6mm-high-pressure-water-filter-tube-reverse-osmosis-tubing (Shopify standard)
https://enviroaqua.com.au/product/standard-sediment-water-filter-cartridge-polypropylene-pp-10-x-2-5-5-micron/,0,53,product,critical,301 → /products/standard-sediment-water-filter-cartridge-polypropylene-pp-10-x-2-5-5-micron (Shopify standard)
https://enviroaqua.com.au/product/standard-sediment-water-filter-cartridge-spun-polypropylene-pp-20-x-4-5-5-micron/,0,53,product,critical,301 → /products/standard-sediment-water-filter-cartridge-spun-polypropylene-pp-20-x-4-5-5-micron (Shopify standard)
https://enviroaqua.com.au/product/10-x-4-5-whole-house-rain-tank-water-filter-5mic-bracket-extra-2-cartridge/,0,52,product,critical,301 → /products/10-x-4-5-whole-house-rain-tank-water-filter-5mic-bracket-extra-2-cartridge (Shopify standard)
https://enviroaqua.com.au/bathroom/product/led-round-bathroom-mirror-smart-makeup-wall-mirror-100cmx50cm/,0,51,bathroom-product (duplicate canonical),critical,301 → canonical /products/<slug> on new site
https://enviroaqua.com.au/product-category/fittings-parts/page/2/,0,49,product-category,critical,301 → /collections/fittings-parts
https://enviroaqua.com.au/product/complete-bathroom-package-2g-brushed-gold-watermark-certified-wels-rated-2/,0,48,product,critical,301 → /products/complete-bathroom-package-2g-brushed-gold-watermark-certified-wels-rated-2 (Shopify standard)
https://enviroaqua.com.au/product/diverter-valve-tap-connector-for-1-4-tube-benchtop-water-filters/,0,48,product,critical,301 → /products/diverter-valve-tap-connector-for-1-4-tube-benchtop-water-filters (Shopify standard)
https://enviroaqua.com.au/product/twin-20-x-4-5-big-blue-whole-house-water-filter-sys-bb-2-cartridges-setbrac/,0,48,product,critical,301 → /products/twin-20-x-4-5-big-blue-whole-house-water-filter-sys-bb-2-cartridges-setbrac (Shopify standard)
https://enviroaqua.com.au/product/twin-pair-water-filter-cartridges-carbon-sediment-5-micron-20x4-5/,0,48,product,critical,301 → /products/twin-pair-water-filter-cartridges-carbon-sediment-5-micron-20x4-5 (Shopify standard)
https://enviroaqua.com.au/bathroom/product/vanity-cabinet-stone-basin-top-pvc-white-tap-drainage-not-inc-1200-mm-f-s/,0,47,bathroom-product (duplicate canonical),critical,301 → canonical /products/<slug> on new site
https://enviroaqua.com.au/brand/best-tank/,0,47,other,medium,Review manually
https://enviroaqua.com.au/product-category/tanks-bladders/page/2/,0,47,product-category,critical,301 → /collections/tanks-bladders
https://enviroaqua.com.au/product/t33-inline-activated-post-carbon-water-filter-cartridges-10-x-2-5/,0,47,product,critical,301 → /products/t33-inline-activated-post-carbon-water-filter-cartridges-10-x-2-5 (Shopify standard)
https://enviroaqua.com.au/product/water-filter-replacement-set-premium-6-stages-5-micron-10/,0,44,product,critical,301 → /products/water-filter-replacement-set-premium-6-stages-5-micron-10 (Shopify standard)
https://enviroaqua.com.au/shop/page/4/,0,43,shop archive,medium,301 → /collections/all
https://enviroaqua.com.au/product/10m-1-4-6mm-high-pressure-water-filter-tube-reverse-osmosis-tubing/,0,42,product,critical,301 → /products/10m-1-4-6mm-high-pressure-water-filter-tube-reverse-osmosis-tubing (Shopify standard)
https://enviroaqua.com.au/product/1-4-inline-ball-valve-push-fit-ro-reverse-osmosis-water-filter/,0,40,product,critical,301 → /products/1-4-inline-ball-valve-push-fit-ro-reverse-osmosis-water-filter (Shopify standard)
https://enviroaqua.com.au/product/reverse-osmosis-ro-membrane-400-gpd-approx-1500-litres-per-day/,0,40,product,critical,301 → /products/reverse-osmosis-ro-membrane-400-gpd-approx-1500-litres-per-day (Shopify standard)
https://enviroaqua.com.au/product/commercial-reverse-osmosis-ro-desalination-plant-ro-1500-lpd-400gpd/,0,39,product,critical,301 → /products/commercial-reverse-osmosis-ro-desalination-plant-ro-1500-lpd-400gpd (Shopify standard)
https://enviroaqua.com.au/product-category/water-filters/page/2/,0,37,product-category,critical,301 → /collections/water-filters
https://enviroaqua.com.au/product/10-x-4-5-whole-house-rain-tank-water-filter-system-5mic-big-blue-steel-bracket/,0,36,product,critical,301 → /products/10-x-4-5-whole-house-rain-tank-water-filter-system-5mic-big-blue-steel-bracket (Shopify standard)
https://enviroaqua.com.au/product/pleated-water-filter-cartridge-10-x-4-5-5-micron/,0,36,product,critical,301 → /products/pleated-water-filter-cartridge-10-x-4-5-5-micron (Shopify standard)
https://enviroaqua.com.au/shop/page/5/,0,32,shop archive,medium,301 → /collections/all
https://enviroaqua.com.au/bathroom/product/wels-chrome-round-basin-mixer-bathroom-sink-vanity-faucet-tap-spout-2/,0,31,bathroom-product (duplicate canonical),critical,301 → canonical /products/<slug> on new site
https://enviroaqua.com.au/product/6-stage-ro-75-gpd-reverse-osmosis-water-filter-with-alkaline-filter-s304-tap/,0,31,product,critical,301 → /products/6-stage-ro-75-gpd-reverse-osmosis-water-filter-with-alkaline-filter-s304-tap (Shopify standard)
https://enviroaqua.com.au/bathroom/product/vanity-cabinetceramic-basin-top-white-wall-hung-pvc-800mmtap-drainage-not-inc-2/,0,30,bathroom-product (duplicate canonical),critical,301 → canonical /products/<slug> on new site
https://enviroaqua.com.au/bathroom/product/vanity-cabinetceramic-basin-top-white-wall-hung-pvc-600mmtap-drainage-not-inc-2/,0,29,bathroom-product (duplicate canonical),critical,301 → canonical /products/<slug> on new site
https://enviroaqua.com.au/product/2-stages-10-clear-water-filter-1-2-brass-ports-suit-house-caravan-tank-boat/,0,29,product,critical,301 → /products/2-stages-10-clear-water-filter-1-2-brass-ports-suit-house-caravan-tank-boat (Shopify standard)
https://enviroaqua.com.au/shop/page/16/,0,29,shop archive,medium,301 → /collections/all
https://enviroaqua.com.au/shop/page/12/,0,28,shop archive,medium,301 → /collections/all
https://enviroaqua.com.au/product/5-stage-undersink-home-drinking-ro-water-filter-system-3-way-black-tap/,0,27,product,critical,301 → /products/5-stage-undersink-home-drinking-ro-water-filter-system-3-way-black-tap (Shopify standard)
https://enviroaqua.com.au/bathroom/product/brass-kitchen-mixer-tap-long-swivel-spout-laundry-faucet-sink-tap-nickel-brushed/,0,26,bathroom-product (duplicate canonical),critical,301 → canonical /products/<slug> on new site
https://enviroaqua.com.au/bathroom/product/good-quality-rectangle-vitreous-vessel-bathroom-sink-white/,0,26,bathroom-product (duplicate canonical),critical,301 → canonical /products/<slug> on new site
https://enviroaqua.com.au/bathroom/product/back-to-wall-rimless-dual-flush-ceramic-toilet-suite-soft-close-seat-p-trap-wels-2/,0,25,bathroom-product (duplicate canonical),critical,301 → canonical /products/<slug> on new site
https://enviroaqua.com.au/bathroom/product/led-oval-bathroom-mirror-smart-makeup-wall-mirror-100cmx50cm/,0,25,bathroom-product (duplicate canonical),critical,301 → canonical /products/<slug> on new site
https://enviroaqua.com.au/bathroom/product/vanity-cabinetceramic-basin-top-whit-finish-pvc-tap-drainage-not-inc-60cm-f-s-2/,0,25,bathroom-product (duplicate canonical),critical,301 → canonical /products/<slug> on new site
https://enviroaqua.com.au/product/10-x-2-5-single-stage-counter-top-water-filter-system-with-sediment-filter/,0,24,product,critical,301 → /products/10-x-2-5-single-stage-counter-top-water-filter-system-with-sediment-filter (Shopify standard)
https://enviroaqua.com.au/product/digital-ph-meter-tds-tester-analysis-monitor-for-aquarium-pool-r1bo-2/,0,24,product,critical,301 → /products/digital-ph-meter-tds-tester-analysis-monitor-for-aquarium-pool-r1bo-2 (Shopify standard)
https://enviroaqua.com.au/product/in-wall-dual-flush-toilet-button-faceplate-rectangular-design-in-black-chrome-gold-nickel/,0,23,product,critical,301 → /products/in-wall-dual-flush-toilet-button-faceplate-rectangular-design-in-black-chrome-gold-nickel (Shopify standard)
https://enviroaqua.com.au/bathroom/product/vanity-cabinetceramic-basin-top-wood-finish-pvc-tap-drainage-not-inc-60cm-f-s-2/,0,22,bathroom-product (duplicate canonical),critical,301 → canonical /products/<slug> on new site
https://enviroaqua.com.au/bathroom/elements/pages/contact/,0,21,other,medium,Review manually
https://enviroaqua.com.au/whole-house-water-filters-tuggerah-wyong-nsw/,0,21,top-level page (landing/info),high,301 → /pages/whole-house-water-filters-tuggerah-wyong-nsw on new site
https://enviroaqua.com.au/bathroom/product/back-to-wall-rimless-dual-flush-ceramic-toilet-suite-soft-close-seat-p-trap-wels/,0,20,bathroom-product (duplicate canonical),critical,301 → canonical /products/<slug> on new site
https://enviroaqua.com.au/product/5-pics-in-line-alkaline-water-filter-ph-neutralising-cartridge-10/,0,20,product,critical,301 → /products/5-pics-in-line-alkaline-water-filter-ph-neutralising-cartridge-10 (Shopify standard)
https://enviroaqua.com.au/bathroom/product/vanity-cabinetceramic-basin-top-wood-wall-mount-pvc-800mmtap-drainage-not-inc-2/,0,19,bathroom-product (duplicate canonical),critical,301 → canonical /products/<slug> on new site
https://enviroaqua.com.au/product/5-stage-undersink-home-drinking-reverse-osmosis-ro-water-filter-system-75gpd/,0,19,product,critical,301 → /products/5-stage-undersink-home-drinking-reverse-osmosis-ro-water-filter-system-75gpd (Shopify standard)
https://enviroaqua.com.au/bathroom/elements/banner/,0,18,other,medium,Review manually
https://enviroaqua.com.au/bathroom/product/bathroom-water-saving-round-shower-set-round-rainfall-head-shower-wels-watermark/,0,18,bathroom-product (duplicate canonical),critical,301 → canonical /products/<slug> on new site
https://enviroaqua.com.au/product/10-clear-sediment-water-filter-1-brass-ports-suit-house-caravan-tank-boat/,0,18,product,critical,301 → /products/10-clear-sediment-water-filter-1-brass-ports-suit-house-caravan-tank-boat (Shopify standard)
https://enviroaqua.com.au/product/poly-spun-water-filter-cartridge-5-micron-sediment-20-x-4-5-whole-house/,0,18,product,critical,301 → /products/poly-spun-water-filter-cartridge-5-micron-sediment-20-x-4-5-whole-house (Shopify standard)
https://enviroaqua.com.au/bathroom/elements/pages/size-chart/,0,17,other,medium,Review manually
https://enviroaqua.com.au/category/whole-house/,0,17,other,medium,Review manually
https://enviroaqua.com.au/product/10-x-4-5-whole-house-rain-tank-water-filter-system-5mic-big-blue-steel-bracket-2/,0,16,product,critical,301 → /products/10-x-4-5-whole-house-rain-tank-water-filter-system-5mic-big-blue-steel-bracket-2 (Shopify standard)
https://enviroaqua.com.au/whole-house-water-filters-terrigal-kincumber-nsw/,0,16,top-level page (landing/info),high,301 → /pages/whole-house-water-filters-terrigal-kincumber-nsw on new site
https://enviroaqua.com.au/bathroom/shop/,0,15,other,medium,Review manually
https://enviroaqua.com.au/colour/polished-chrome/page/1/,0,15,colour taxonomy (Woo attribute),low,301 → /collections/ filtered by colour (or 410)
https://enviroaqua.com.au/product-category/kitchen-taps/page/2/,0,15,product-category,critical,301 → /collections/kitchen-taps
https://enviroaqua.com.au/product-category/plumbing-parts/,0,15,product-category,critical,301 → /collections/plumbing-parts
https://enviroaqua.com.au/product/20″-x-4-5″-heavy-duty-water-filter-with-1-bsp-ports-sediment-filter-included/,0,15,product,critical,301 → /products/20″-x-4-5″-heavy-duty-water-filter-with-1-bsp-ports-sediment-filter-included (Shopify standard)
https://enviroaqua.com.au/shop/page/8/,0,15,shop archive,medium,301 → /collections/all
https://enviroaqua.com.au/product-category/accessories/,0,14,product-category,critical,301 → /collections/accessories
https://enviroaqua.com.au/shop/page/7/,0,14,shop archive,medium,301 → /collections/all
https://enviroaqua.com.au/bathroom/product/white-vanity-cabinet-stone-basin-top-pvc-tap-drainage-not-inc-900mm-f-s-2/,0,13,bathroom-product (duplicate canonical),critical,301 → canonical /products/<slug> on new site
https://enviroaqua.com.au/compare/,0,13,top-level page (landing/info),high,301 → /pages/compare on new site
https://enviroaqua.com.au/product/alkaline-water-filter/,0,13,product,critical,301 → /products/alkaline-water-filter (Shopify standard)
https://enviroaqua.com.au/wp-content/uploads/2021/03/12V-Pump_5.png,0,13,other,medium,Review manually
https://enviroaqua.com.au/bathroom/elements/images/,0,12,other,medium,Review manually
https://enviroaqua.com.au/colour/polished-chrome/page/2/,0,12,colour taxonomy (Woo attribute),low,301 → /collections/ filtered by colour (or 410)
https://enviroaqua.com.au/product/20″-x-4-5″-heavy-duty-water-filter-with-1-bsp-ports-reusable-pleated-filter-included/,0,12,product,critical,301 → /products/20″-x-4-5″-heavy-duty-water-filter-with-1-bsp-ports-reusable-pleated-filter-included (Shopify standard)
https://enviroaqua.com.au/shop/page/11/,0,12,shop archive,medium,301 → /collections/all
https://enviroaqua.com.au/watermark-certified-commercial-water-bubblers-wholesale-pricing-australia-wide/,0,12,top-level page (landing/info),high,301 → /pages/watermark-certified-commercial-water-bubblers-wholesale-pricing-australia-wide on new site
https://enviroaqua.com.au/product/10″-x-4-5″-heavy-duty-two-stage-water-filter-with-1-brass-ports-reusable-pleated-filters-included/,0,11,product,critical,301 → /products/10″-x-4-5″-heavy-duty-two-stage-water-filter-with-1-brass-ports-reusable-pleated-filters-included (Shopify standard)
https://enviroaqua.com.au/product/2-stages-undersink-water-filter-system-free-installation/,0,11,product,critical,301 → /products/2-stages-undersink-water-filter-system-free-installation (Shopify standard)
https://enviroaqua.com.au/product/new-4-x-pleated-water-filter-cartridge-20-x-4-5-5-micron-reusable/,0,11,product,critical,301 → /products/new-4-x-pleated-water-filter-cartridge-20-x-4-5-5-micron-reusable (Shopify standard)
https://enviroaqua.com.au/shop/page/10/,0,11,shop archive,medium,301 → /collections/all
https://enviroaqua.com.au/bathroom/product/black-round-basin-mixer-bathroom-sink-vanity-faucet-tap-spout-h-29cm-2/,0,10,bathroom-product (duplicate canonical),critical,301 → canonical /products/<slug> on new site
https://enviroaqua.com.au/product-category/tanks-bladders/page/1/,0,10,product-category,critical,301 → /collections/tanks-bladders
https://enviroaqua.com.au/product-category/water-filters/page/3/,0,10,product-category,critical,301 → /collections/water-filters
https://enviroaqua.com.au/product/twin-counter-top-bench-top-double-drinking-water-filter-systemextra-cartridges/,0,10,product,critical,301 → /products/twin-counter-top-bench-top-double-drinking-water-filter-systemextra-cartridges (Shopify standard)
https://enviroaqua.com.au/product/twin-undersink-water-filter-systemstainless-stee-tap-extra-replacement-set/,0,10,product,critical,301 → /products/twin-undersink-water-filter-systemstainless-stee-tap-extra-replacement-set (Shopify standard)
https://enviroaqua.com.au/bathroom/product-category/toilet/,0,9,other,medium,Review manually
https://enviroaqua.com.au/product-category/fittings-parts/page/5/,0,9,product-category,critical,301 → /collections/fittings-parts
https://enviroaqua.com.au/product/6w-filters-uv-water-sterilizer-filter-220v/,0,9,product,critical,301 → /products/6w-filters-uv-water-sterilizer-filter-220v (Shopify standard)
https://enviroaqua.com.au/product/premium-pair-water-filter-cartridges-5-mic-carbon-5-mic-sediment-10x2-5-2/,0,9,product,critical,301 → /products/premium-pair-water-filter-cartridges-5-mic-carbon-5-mic-sediment-10x2-5-2 (Shopify standard)
https://enviroaqua.com.au/shop/page/6/,0,9,shop archive,medium,301 → /collections/all
https://enviroaqua.com.au/chemical-tanks/,0,8,top-level page (landing/info),high,301 → /pages/chemical-tanks on new site
https://enviroaqua.com.au/product/10″-x-4-5″-heavy-duty-water-filter-with-1-brass-ports-carbon-filter-included/,0,8,product,critical,301 → /products/10″-x-4-5″-heavy-duty-water-filter-with-1-brass-ports-carbon-filter-included (Shopify standard)
https://enviroaqua.com.au/product/bathroom-wall-basin-sink-shower-mixer-tap-faucet-round-chrome-bath-spout-wels/,0,8,product,critical,301 → /products/bathroom-wall-basin-sink-shower-mixer-tap-faucet-round-chrome-bath-spout-wels (Shopify standard)
https://enviroaqua.com.au/shop/page/13/,0,8,shop archive,medium,301 → /collections/all
https://enviroaqua.com.au/product/20-x-4-5-whole-house-rain-tank-water-filter-system-5mic-reusablesteel-bracket/,0,7,product,critical,301 → /products/20-x-4-5-whole-house-rain-tank-water-filter-system-5mic-reusablesteel-bracket (Shopify standard)
https://enviroaqua.com.au/product/25kg-aqua-aquarium-fish-tank-carbon/,0,7,product,critical,301 → /products/25kg-aqua-aquarium-fish-tank-carbon (Shopify standard)
https://enviroaqua.com.au/product/3-stage-whole-house-water-filter-replacement-set-20-x-2-5-5-micron/,0,7,product,critical,301 → /products/3-stage-whole-house-water-filter-replacement-set-20-x-2-5-5-micron (Shopify standard)
https://enviroaqua.com.au/product/10-x-2-5-three-stage-undersink-water-filter-system-with-stainless-steel-tap-sediment-carbon-alkaline/,0,6,product,critical,301 → /products/10-x-2-5-three-stage-undersink-water-filter-system-with-stainless-steel-tap-sediment-carbon-alkaline (Shopify standard)
https://enviroaqua.com.au/product/25-pics-activated-post-carbon-water-filter-5-mic10-smell-remover-t33-inline/,0,6,product,critical,301 → /products/25-pics-activated-post-carbon-water-filter-5-mic10-smell-remover-t33-inline (Shopify standard)
https://enviroaqua.com.au/product/gac-carbon-water-filter-10-x-2-5/,0,6,product,critical,301 → /products/gac-carbon-water-filter-10-x-2-5 (Shopify standard)
https://enviroaqua.com.au/product/wall-mounted-toilet-paper-holder-with-cover-polished-chrome/,0,6,product,critical,301 → /products/wall-mounted-toilet-paper-holder-with-cover-polished-chrome (Shopify standard)
https://enviroaqua.com.au/water-bubblers/,0,6,top-level page (landing/info),high,301 → /pages/water-bubblers on new site
https://enviroaqua.com.au/product-category/whole-house/page/2/,0,5,product-category,critical,301 → /collections/whole-house
https://enviroaqua.com.au/product/2-pics-75gpd-reverse-osmosis-membrane-membrane-replacement-filter-280l-per-day/,0,5,product,critical,301 → /products/2-pics-75gpd-reverse-osmosis-membrane-membrane-replacement-filter-280l-per-day (Shopify standard)
https://enviroaqua.com.au/product/5-x-inline-uf-ultrafiltration-filter-cartridge/,0,5,product,critical,301 → /products/5-x-inline-uf-ultrafiltration-filter-cartridge (Shopify standard)
https://enviroaqua.com.au/bathroom/elements/map/,0,4,other,medium,Review manually
https://enviroaqua.com.au/bathroom/elements/pages/,0,4,other,medium,Review manually
https://enviroaqua.com.au/product-category/fittings-parts/page/6/,0,4,product-category,critical,301 → /collections/fittings-parts
https://enviroaqua.com.au/product/4148/,0,4,product,critical,301 → /products/4148 (Shopify standard)
https://enviroaqua.com.au/product/tall-29cm-round-basin-mixer-tap-matte-black-polished-chrome/,0,4,product,critical,301 → /products/tall-29cm-round-basin-mixer-tap-matte-black-polished-chrome (Shopify standard)
https://enviroaqua.com.au/product/water-filter-cartridges-0-5-mic-sediment-10x2-5-standard-pp/,0,4,product,critical,301 → /products/water-filter-cartridges-0-5-mic-sediment-10x2-5-standard-pp (Shopify standard)
https://enviroaqua.com.au/shop/page/22/,0,4,shop archive,medium,301 → /collections/all
https://enviroaqua.com.au/bathroom/elements/lightbox/,0,3,other,medium,Review manually
https://enviroaqua.com.au/bathroom/elements/testemonials/,0,3,other,medium,Review manually
https://enviroaqua.com.au/cart/,0,3,top-level page (landing/info),high,301 → /pages/cart on new site
https://enviroaqua.com.au/product-category/filter-cartridges/page/3/,0,3,product-category,critical,301 → /collections/filter-cartridges
https://enviroaqua.com.au/product-category/whole-house/page/3/,0,3,product-category,critical,301 → /collections/whole-house
https://enviroaqua.com.au/product/10″-x-2-5″-premium-water-filter-with-3-4-brass-ports-carbon-filter-included/,0,3,product,critical,301 → /products/10″-x-2-5″-premium-water-filter-with-3-4-brass-ports-carbon-filter-included (Shopify standard)
https://enviroaqua.com.au/product/10″-x-4-5″-heavy-duty-two-stage-water-filter-with-1-brass-ports-sediment-and-carbon-filters-included/,0,3,product,critical,301 → /products/10″-x-4-5″-heavy-duty-two-stage-water-filter-with-1-brass-ports-sediment-and-carbon-filters-included (Shopify standard)
https://enviroaqua.com.au/product/complete-bathroom-package-4g-brushed-gold-watermark-certified-wels-rated/,0,3,product,critical,301 → /products/complete-bathroom-package-4g-brushed-gold-watermark-certified-wels-rated (Shopify standard)
https://enviroaqua.com.au/product/rimless-wash-down-water-closet-commode-p-trap-wc-ceramic-2-piece-toilet-wels/,0,3,product,critical,301 → /products/rimless-wash-down-water-closet-commode-p-trap-wc-ceramic-2-piece-toilet-wels (Shopify standard)
https://enviroaqua.com.au/product/twin-counter-bench-top-water-filter-system-include-filtersextra-replacement-set/,0,3,product,critical,301 → /products/twin-counter-bench-top-water-filter-system-include-filtersextra-replacement-set (Shopify standard)
https://enviroaqua.com.au/wp-content/uploads/2024/10/vanity_cabinet_1.png,0,3,other,medium,Review manually
https://enviroaqua.com.au/2024/10/,0,2,other,medium,Review manually
https://enviroaqua.com.au/bathroom/featured_item_category/design/,0,2,other,medium,Review manually
https://enviroaqua.com.au/bathroom/product/vanity-cabinetceramic-basin-top-wood-finish-pvc-tap-drainage-not-inc-60cm-f-s/,0,2,bathroom-product (duplicate canonical),critical,301 → canonical /products/<slug> on new site
https://enviroaqua.com.au/colour/shiny-gold/,0,2,colour taxonomy (Woo attribute),low,301 → /collections/ filtered by colour (or 410)
https://enviroaqua.com.au/home-fashion/,0,2,top-level page (landing/info),high,301 → /pages/home-fashion on new site
https://enviroaqua.com.au/product/12cm-bathroom-mixer-tap-in-polished-chrome/,0,2,product,critical,301 → /products/12cm-bathroom-mixer-tap-in-polished-chrome (Shopify standard)
https://enviroaqua.com.au/product/premium-3-stages-undersink-water-filter-sys-0-01-mic-uf-fittingstapcartridges/,0,2,product,critical,301 → /products/premium-3-stages-undersink-water-filter-sys-0-01-mic-uf-fittingstapcartridges (Shopify standard)
https://enviroaqua.com.au/product/premium-single-water-filter-system-with-cartridgespanner-caravan-whole-house/,0,2,product,critical,301 → /products/premium-single-water-filter-system-with-cartridgespanner-caravan-whole-house (Shopify standard)
https://enviroaqua.com.au/shop/page/15/,0,2,shop archive,medium,301 → /collections/all
https://enviroaqua.com.au/shop/page/18/,0,2,shop archive,medium,301 → /collections/all
https://enviroaqua.com.au/whole-house/,0,2,top-level page (landing/info),high,301 → /pages/whole-house on new site
https://enviroaqua.com.au/wp-content/uploads/2020/07/s-l1600-1-54.jpg,0,2,other,medium,Review manually
https://enviroaqua.com.au/wp-content/uploads/2021/03/pump_kit-600x600.jpg,0,2,other,medium,Review manually
