tier,price_aud,category,sub_category,rule_of_thumb,examples_from_catalog
T1,9.95,Cartridges,Inline cartridges,Single cartridge under 0.5kg in a satchel,"Inline alkaline 10x2, inline T33 polish, inline UF, inline fluoride"
T1,9.95,Plumbing,Small parts and fittings,Push-fit fittings + valves + small accessories,"Push-fit connectors, diverter valves, ferrules, o-rings, housing wrenches"
T1,9.95,Bubblers & Coolers,Replacement parts,Small replacement parts,"Bubbler filter cartridges, drinking fountain tap heads, replacement nozzles"
T1,9.95,Pumps & Tanks,Small components,Pressure switches + gauges + small fittings,"Pressure switch, gauge, check valve, tank tee, small solenoid"
T2,14.95,Cartridges,Single standard cartridges,Single 10x2.5 or 20x2.5 cartridge,"Sediment 10x2.5, GAC carbon 10x2.5, CTO carbon 10x2.5, 20x2.5 cartridges single"
T2,14.95,Cartridges,RO membranes,Single RO membrane in packaging,"75 GPD RO membrane, 100 GPD RO membrane, single TFC membrane"
T2,14.95,Cartridges,Specialty cartridges,Single specialty cartridge (KDF + scale + iron),"KDF cartridge 10x2.5, scale reduction 10x2.5, iron removal 10x2.5"
T2,14.95,Cartridges,Twin-packs and small sets,2-3 cartridges packed together,"Twin sediment + carbon pack, basic 3-stage replacement set"
T2,14.95,Water Filters,Bench top,Counter-top filter unit in a box,"Bench-top single, bench-top twin (small footprint)"
T2,14.95,Plumbing,Bathroom taps,"Basin mixers 12-18cm, smaller taps","Round basin mixer 12cm, basin mixer 18cm, wall spouts"
T2,14.95,Plumbing,RO filter taps,Single under-sink filter taps,"Chrome RO filter tap, brushed nickel filter tap, single-handle RO tap"
T2,14.95,Plumbing,Kitchen taps,Standard kitchen mixers,"Pull-down kitchen mixer (standard), pull-out spray mixer (standard)"
T3,19.95,Cartridges,Big Blue cartridges,Single 10x4.5 or 20x4.5 cartridge,"Big Blue sediment 20x4.5, Big Blue carbon block 20x4.5, BB pleated 20x4.5"
T3,19.95,Cartridges,Big Blue twin/triple packs,Multiple Big Blue cartridges,"BB sediment + carbon twin pack, BB triple cartridge replacement set"
T3,19.95,Cartridges,5/6-stage RO sets,Complete RO replacement set with 5-6 cartridges,"5-stage RO replacement set, 6-stage RO replacement set with alkaline"
T3,19.95,Water Filters,Under-sink filters,"2 or 3-stage under-sink (housings + cartridges, no tank)","Under-sink twin, under-sink triple (no RO)"
T3,19.95,Water Filters,RO systems no tank,4/5/6-stage RO without storage tank,"4-stage RO system (no tank variant), 5-stage RO (no tank)"
T3,19.95,Plumbing,Tall kitchen mixers,Tall gooseneck and 3-way RO kitchen taps,"Three-way RO kitchen mixer, tall gooseneck kitchen mixer, spring-loaded 3-way"
T3,19.95,Plumbing,Tall basin mixers,Basin mixers 22cm+,"Tall basin mixer 29cm, tall round basin mixer"
T3,19.95,Plumbing,Shower sets,Standard shower kits with rail and head,"Shower set with rail, shower combo (no extras)"
T3,19.95,Pumps & Tanks,Small pumps,12V/220V pumps under 5kg,"12V booster pump, small RO booster, 100GPD pump"
T3,19.95,Pumps & Tanks,Small pressure tanks,8L-12L pressure tanks,"8L pressure tank, 12L pressure tank"
T4,29.95,Water Filters,RO systems with tank,Complete RO with 12L+ storage tank,"5-stage RO with tank, 6-stage RO with alkaline + tank, ZeroWaste RO"
T4,29.95,Bubblers & Coolers,Bench-top coolers,Bench-top hot/cold dispensers,"Bench-top hot/cold cooler, under-counter chiller (small)"
T4,29.95,Plumbing,Single toilets (parcel-shippable),Back-to-wall toilet suite in one box,"Back-to-wall rimless P-trap dual flush, S-trap rimless toilet"
T4,29.95,Pumps & Tanks,Larger pumps,Pumps 5-10kg,"Booster pump assembly, larger RO booster with bracket"
T4,29.95,Water Filters,UV systems small,UV chambers 6W-12W with housing,"6W UV, 12W UV chamber"
T5,FREE,Water Filters,Whole house single Big Blue,Single 10x4.5 or 20x4.5 whole-house system,"WM 1-stage WH 10x4.5, WM 1-stage WH 20x4.5"
T5,FREE,Water Filters,Whole house twin Big Blue,Twin Big Blue whole-house system,"WM 2-stage WH 20x4.5 twin, twin BB with bracket"
T5,FREE,Water Filters,Whole house triple Big Blue,Triple Big Blue whole-house system,"WM 3-stage WH 20x4.5 triple, triple BB with stainless cabinet"
T5,FREE,Water Filters,UV systems medium-large,UV chambers 25W-55W,"25W UV chamber, 40W UV chamber, 55W UV chamber"
T5,FREE,Bubblers & Coolers,Freestanding coolers,Floor-standing hot/cold dispensers,"Freestanding hot/cold water cooler, floor-standing chiller"
T5,FREE,Bubblers & Coolers,Commercial bubblers,Stainless steel commercial bubblers,"Round stainless bubbler, square stainless bubbler, school bubbler"
T5,FREE,Pumps & Tanks,Larger pressure tanks,19L-32L pressure tanks,"19L pressure tank, 24L pressure tank, 32L pressure tank"
T5,FREE,Plumbing,In-wall toilets,Concealed cistern toilet systems,"In-wall concealed cistern toilet rimless floor mount, in-wall pneumatic"
T6,QUOTE,Water Filters,Commercial RO plants,1500/3000 LPD commercial RO,"Commercial RO plant 1500 LPD, Commercial RO plant 3000 LPD 800 GPD"
T6,QUOTE,Pumps & Tanks,Large pressure tanks,50L+ pressure tanks,"50L pressure tank, 100L pressure tank"
T6,QUOTE,Pumps & Tanks,Dosing tanks,50/100/200L dosing tanks with bunding,"50L bunded dosing tank, 100L bunded dosing tank, 200L bunded dosing tank"
T6,QUOTE,Plumbing,Bathroom bundles,Complete bathroom packages 4-piece with 1200mm cabinet,"Bundle 4G (1200mm), Bundle 4B (1200mm), Bundle 4C (1200mm)"
T6,QUOTE,Plumbing,Vanity cabinets large,Free-standing vanity cabinets 900mm+,"900mm vanity, 1200mm vanity cabinet, 1500mm vanity"
